#
# TABLE STRUCTURE FOR: category
#


INSERT INTO `category` (`cat_id`, `cat_name`, `cat_description`) VALUES (1, 'qui', 'Maiores qui facilis perferendis qui nesciunt quibusdam debitis. Adipisci eum autem quis saepe quis veritatis.');
INSERT INTO `category` (`cat_id`, `cat_name`, `cat_description`) VALUES (2, 'aspernatur', 'Eveniet quas magni earum et. Suscipit sequi voluptates ad consequatur dolore consequatur ut molestiae. Quaerat enim itaque qui reiciendis.');
INSERT INTO `category` (`cat_id`, `cat_name`, `cat_description`) VALUES (3, 'eaque', 'Voluptas similique dolores totam quod vel minima ea. Maxime adipisci et hic velit cupiditate. Temporibus sunt id accusantium et est quis sapiente.');
INSERT INTO `category` (`cat_id`, `cat_name`, `cat_description`) VALUES (4, 'molestiae', 'Pariatur vel veritatis esse temporibus. Id voluptas eum eaque blanditiis corporis doloremque. Iure et autem id facere quasi. Molestiae voluptatibus omnis nobis qui sed ut.');
INSERT INTO `category` (`cat_id`, `cat_name`, `cat_description`) VALUES (5, 'cupiditate', 'Blanditiis doloremque magni consequatur accusamus labore illo. Quo fugit officiis est assumenda. Rerum aperiam ipsa architecto quod.');
INSERT INTO `category` (`cat_id`, `cat_name`, `cat_description`) VALUES (6, 'quos', 'Eius omnis nostrum expedita soluta. Iure in vero at facere sapiente. Excepturi dolorem voluptatem dolor accusamus cum architecto expedita. Iusto quia vero ratione et sit tempore sunt.');
INSERT INTO `category` (`cat_id`, `cat_name`, `cat_description`) VALUES (7, 'sit', 'Doloremque omnis ut distinctio eaque ut adipisci magni soluta. Et nam a qui tempora qui eos dolor sed. Iusto voluptatem mollitia nobis eaque provident. Et odio est et quis officia architecto voluptas repellat.');
INSERT INTO `category` (`cat_id`, `cat_name`, `cat_description`) VALUES (8, 'qui', 'Mollitia assumenda qui iusto aut saepe nisi. Et modi in pariatur aut voluptate. Voluptatem esse et voluptatem enim harum.');
INSERT INTO `category` (`cat_id`, `cat_name`, `cat_description`) VALUES (9, 'laudantium', 'Dolore repellat at iusto dolorum illo dolores vel laborum. Ullam omnis fugit quos sed quae ipsum. Vel ex eum omnis rerum optio quisquam.');
INSERT INTO `category` (`cat_id`, `cat_name`, `cat_description`) VALUES (10, 'ipsam', 'A consectetur libero itaque alias culpa. Quisquam dolores explicabo earum eum non et aliquam. Quasi ipsum ea fuga est sed aliquid enim eum.');
INSERT INTO `category` (`cat_id`, `cat_name`, `cat_description`) VALUES (11, 'in', 'Saepe dolores doloremque quia culpa. Fugit sed qui reprehenderit velit quos est. Id odit ut sed aut. Officia distinctio dolorem consectetur laudantium qui dignissimos.');
INSERT INTO `category` (`cat_id`, `cat_name`, `cat_description`) VALUES (12, 'accusamus', 'Laudantium asperiores est facere totam. Doloribus velit nihil in. Ab et animi et iusto.');
INSERT INTO `category` (`cat_id`, `cat_name`, `cat_description`) VALUES (13, 'reiciendis', 'Autem et perferendis eum id nam illo odio. Est in expedita placeat qui. Consequatur sint earum ipsum nobis autem dolorem voluptatum. Omnis voluptatem autem et et quasi. Qui libero quisquam dolores aut assumenda quasi.');
INSERT INTO `category` (`cat_id`, `cat_name`, `cat_description`) VALUES (14, 'sed', 'Sunt id aut eum quas aut ut et. Eligendi molestias provident quis eligendi dolorum. Eos architecto ab nobis cupiditate maiores quo autem. Veritatis reprehenderit quis provident. Cupiditate consequatur quas dolorem.');
INSERT INTO `category` (`cat_id`, `cat_name`, `cat_description`) VALUES (15, 'magni', 'Sint aut laboriosam dolorem repellat ea. Ut ratione aliquid sint quam modi. Delectus vel beatae minima impedit veniam fuga. Libero voluptas enim esse quis saepe consequuntur sit.');
INSERT INTO `category` (`cat_id`, `cat_name`, `cat_description`) VALUES (16, 'qui', 'Tempora incidunt voluptas dolorum dignissimos debitis magnam. Id alias qui aperiam sed autem perspiciatis sint. Recusandae et ut dolorem ipsum laboriosam. Est impedit soluta quia voluptatem deleniti voluptatem et.');
INSERT INTO `category` (`cat_id`, `cat_name`, `cat_description`) VALUES (17, 'nulla', 'Sit laboriosam quod et reiciendis optio et. Minima sunt voluptatibus eius maiores incidunt dolorem. Et nisi quia est voluptatem. Sit blanditiis libero dolor totam minima ullam.');
INSERT INTO `category` (`cat_id`, `cat_name`, `cat_description`) VALUES (18, 'iste', 'Dolor veritatis et voluptates nemo ut. Sed suscipit placeat sapiente laudantium tempore optio aliquid id. In quo quo perspiciatis eius voluptatum fuga eum. Et nam nostrum reprehenderit eos suscipit alias tenetur.');
INSERT INTO `category` (`cat_id`, `cat_name`, `cat_description`) VALUES (19, 'laudantium', 'Aut eaque est quod unde. Quas qui harum quaerat quis non. Nisi ut aliquid eveniet. Ullam ex debitis mollitia maiores provident adipisci expedita.');
INSERT INTO `category` (`cat_id`, `cat_name`, `cat_description`) VALUES (20, 'architecto', 'Aut beatae voluptatibus quaerat et voluptatum accusamus sint. Beatae dolorem repellat animi eos doloremque a praesentium. Maxime consequatur esse blanditiis in. Dolorem enim aliquam atque assumenda.');
INSERT INTO `category` (`cat_id`, `cat_name`, `cat_description`) VALUES (21, 'fugiat', 'Saepe quis sunt minima veritatis quaerat minima. Voluptas deleniti tempora maxime numquam id dolor. Quam possimus ea consequatur. Et necessitatibus sint ut debitis distinctio accusamus.');
INSERT INTO `category` (`cat_id`, `cat_name`, `cat_description`) VALUES (22, 'alias', 'Deserunt animi similique repellendus autem explicabo molestiae. Sit distinctio optio recusandae dolores. Est qui et debitis sed ex dolorum. Est et officia earum natus incidunt enim praesentium.');
INSERT INTO `category` (`cat_id`, `cat_name`, `cat_description`) VALUES (23, 'illum', 'Velit error in sint expedita dignissimos dolor. Voluptatem harum eveniet possimus iste. Enim repellat quod doloribus vel ea minima non.');
INSERT INTO `category` (`cat_id`, `cat_name`, `cat_description`) VALUES (24, 'quis', 'Sit velit ipsam dignissimos sit consequatur quia ad. Aliquid quia aut et. Aut amet quia placeat facere. Quo sunt et quia quis consequatur occaecati beatae.');
INSERT INTO `category` (`cat_id`, `cat_name`, `cat_description`) VALUES (25, 'et', 'Repellendus quod veniam nostrum animi vel. Esse dolorem vitae quae maxime perferendis et. Alias nobis voluptas nisi deleniti voluptatem consequuntur sint. Maxime nam minus quis maxime.');
INSERT INTO `category` (`cat_id`, `cat_name`, `cat_description`) VALUES (26, 'id', 'Possimus voluptatem ipsam necessitatibus non possimus. Cum cum omnis odio enim.');
INSERT INTO `category` (`cat_id`, `cat_name`, `cat_description`) VALUES (27, 'sunt', 'Sunt voluptas non eum voluptate. Beatae quas enim voluptatem iusto est sint exercitationem cum. Rerum natus voluptatem neque eum modi officia.');
INSERT INTO `category` (`cat_id`, `cat_name`, `cat_description`) VALUES (28, 'est', 'Voluptatem nulla ipsam unde qui. Ea non pariatur aut sint voluptas fuga voluptatum. Quis qui ex eius sed iste aliquam itaque.');
INSERT INTO `category` (`cat_id`, `cat_name`, `cat_description`) VALUES (29, 'adipisci', 'Cupiditate labore possimus voluptate magni voluptatum non. Molestiae similique omnis voluptas facere. Id accusamus vel quo ad. Perferendis temporibus nihil et quia.');
INSERT INTO `category` (`cat_id`, `cat_name`, `cat_description`) VALUES (30, 'nihil', 'Consequatur maxime accusamus unde rerum laboriosam quaerat. Sit ut aut sapiente sunt. Ut suscipit quam numquam dolorem voluptatum.');
INSERT INTO `category` (`cat_id`, `cat_name`, `cat_description`) VALUES (31, 'et', 'Repellendus voluptates distinctio provident minima cumque quia. Voluptatibus nobis molestias qui deleniti. Et est est amet ut enim vitae ab.');
INSERT INTO `category` (`cat_id`, `cat_name`, `cat_description`) VALUES (32, 'illum', 'Voluptates magni adipisci vel et voluptas et. Maiores quos rerum nesciunt et. Id omnis minus rerum saepe. Voluptas tempore explicabo adipisci asperiores dolores odio facilis. Cum ratione vel laudantium aut velit sed.');
INSERT INTO `category` (`cat_id`, `cat_name`, `cat_description`) VALUES (33, 'illum', 'Quibusdam temporibus natus ratione natus modi maxime est. Quia voluptas dolorum et porro. Voluptate hic sed voluptas voluptates. Qui iste distinctio consequuntur sit ducimus rem maiores reprehenderit.');
INSERT INTO `category` (`cat_id`, `cat_name`, `cat_description`) VALUES (34, 'commodi', 'Officiis aspernatur odit qui et. Sed et quia fugit commodi dolor repellendus temporibus dolore. Illo voluptatem veritatis quibusdam autem earum doloremque nulla.');
INSERT INTO `category` (`cat_id`, `cat_name`, `cat_description`) VALUES (35, 'qui', 'Quis ducimus iste sint dolorum qui. Et et dolorem aut ea a in eveniet. Nulla dolorem expedita optio autem reprehenderit cupiditate.');
INSERT INTO `category` (`cat_id`, `cat_name`, `cat_description`) VALUES (36, 'sunt', 'Eius et sequi ab esse voluptatum est animi ea. Minus nobis repellat temporibus ab vel quae nobis. Culpa deserunt eaque deserunt atque sapiente dolorem.');
INSERT INTO `category` (`cat_id`, `cat_name`, `cat_description`) VALUES (37, 'saepe', 'Exercitationem enim praesentium non optio ut dolore reprehenderit quas. Dolor ipsum temporibus suscipit neque quisquam assumenda. Dolor et quos totam magnam doloribus laborum reprehenderit.');
INSERT INTO `category` (`cat_id`, `cat_name`, `cat_description`) VALUES (38, 'ut', 'Non et sapiente commodi excepturi earum ea occaecati numquam. Alias earum id vel at voluptatem tempore minima. Ut qui repudiandae magnam vero laudantium nam labore. Enim voluptatem autem nam et dolor.');
INSERT INTO `category` (`cat_id`, `cat_name`, `cat_description`) VALUES (39, 'explicabo', 'Tempore quam explicabo nostrum. Id ducimus earum aut odio. Quas et deserunt dolorum est sit et qui.');
INSERT INTO `category` (`cat_id`, `cat_name`, `cat_description`) VALUES (40, 'earum', 'Non et distinctio officiis explicabo. Et aperiam nam minima. Quo eos culpa facere expedita dolore et.');
INSERT INTO `category` (`cat_id`, `cat_name`, `cat_description`) VALUES (41, 'blanditiis', 'Distinctio ut rerum laborum itaque. Repellat provident et magnam beatae quod est maxime. Molestias animi non minus quidem. Sit beatae iusto repellat harum.');
INSERT INTO `category` (`cat_id`, `cat_name`, `cat_description`) VALUES (42, 'excepturi', 'Tempore eius aperiam recusandae id. Eos sint reiciendis qui dolor et praesentium iure.');
INSERT INTO `category` (`cat_id`, `cat_name`, `cat_description`) VALUES (43, 'consequatur', 'Maiores nesciunt quod eum quis nemo accusantium vero. Numquam est ipsam repellat eum ut ut nesciunt velit. Perferendis dolorem debitis mollitia labore aut.');
INSERT INTO `category` (`cat_id`, `cat_name`, `cat_description`) VALUES (44, 'ea', 'Qui numquam voluptas rerum dolores. Enim dolorem voluptates dolore delectus aut dolorum minus. Commodi qui voluptatem nesciunt et quia reprehenderit officia. Minima pariatur officiis dignissimos.');
INSERT INTO `category` (`cat_id`, `cat_name`, `cat_description`) VALUES (45, 'dolores', 'Fugit ab iusto iusto ut qui. Modi officiis earum ut temporibus veniam asperiores. Error ut laborum qui praesentium ad.');
INSERT INTO `category` (`cat_id`, `cat_name`, `cat_description`) VALUES (46, 'sit', 'Asperiores consequatur maxime perferendis ut. Recusandae explicabo eum aliquam optio. Est non tempora error praesentium nam nihil. Dolor facere voluptate harum voluptatem.');
INSERT INTO `category` (`cat_id`, `cat_name`, `cat_description`) VALUES (47, 'quod', 'Distinctio quis nihil quis. Possimus laborum omnis sit in qui quo.');
INSERT INTO `category` (`cat_id`, `cat_name`, `cat_description`) VALUES (48, 'facilis', 'Soluta repellendus enim enim tempora eum. Optio consequatur suscipit nostrum ea illum hic ab est. Maxime in et aperiam blanditiis.');
INSERT INTO `category` (`cat_id`, `cat_name`, `cat_description`) VALUES (49, 'excepturi', 'Dolor temporibus voluptas tempora magni omnis. Officiis error sed est unde tenetur. Voluptatum facilis laborum nobis qui quo atque.');
INSERT INTO `category` (`cat_id`, `cat_name`, `cat_description`) VALUES (50, 'est', 'Quae ea et velit fugit nostrum qui. Et sapiente in tenetur repudiandae et. Voluptatibus id id qui ea qui possimus.');
INSERT INTO `category` (`cat_id`, `cat_name`, `cat_description`) VALUES (51, 'consectetur', 'Veritatis nihil nihil doloremque qui rem tempore ut voluptatem. Tenetur non aut tenetur itaque.');
INSERT INTO `category` (`cat_id`, `cat_name`, `cat_description`) VALUES (52, 'amet', 'Qui ipsa itaque eum aut voluptas rerum. Debitis non quo sit aut magni. Voluptas aperiam sequi porro aliquid id deserunt numquam adipisci.');
INSERT INTO `category` (`cat_id`, `cat_name`, `cat_description`) VALUES (53, 'quia', 'Voluptates amet et est voluptatem sunt culpa quis. Reiciendis facere soluta eaque deleniti debitis. Nobis consequatur minima nostrum.');
INSERT INTO `category` (`cat_id`, `cat_name`, `cat_description`) VALUES (54, 'sequi', 'Eum tempore est adipisci aut consequatur unde. Similique ab facere sunt. Non mollitia est nisi porro ut qui voluptas excepturi.');
INSERT INTO `category` (`cat_id`, `cat_name`, `cat_description`) VALUES (55, 'itaque', 'Delectus quae dolores dolores vel tempora quo et. Cum nostrum eveniet consectetur animi cumque quae ut. Ipsa consequatur ut quae omnis voluptatem magni rerum. Qui voluptatem officiis possimus voluptatem. Cum minima et provident sed praesentium.');
INSERT INTO `category` (`cat_id`, `cat_name`, `cat_description`) VALUES (56, 'quo', 'In dignissimos consequuntur maiores ut et qui voluptatem ipsa. Adipisci sed occaecati reiciendis repellat. Maiores eum molestiae illo et maxime libero.');
INSERT INTO `category` (`cat_id`, `cat_name`, `cat_description`) VALUES (57, 'qui', 'Et ducimus minima quia maiores ducimus. Modi repellat consequatur optio quas.');
INSERT INTO `category` (`cat_id`, `cat_name`, `cat_description`) VALUES (58, 'dolorem', 'Magni soluta omnis ratione qui eius laudantium. Et eaque libero voluptatem ipsa iste consectetur natus. Culpa et eveniet id fugit sit soluta. Velit voluptate eos labore.');
INSERT INTO `category` (`cat_id`, `cat_name`, `cat_description`) VALUES (59, 'esse', 'Architecto fuga et exercitationem fuga. Natus ea velit vel reprehenderit odit beatae. Dignissimos ut nulla vero dolor.');
INSERT INTO `category` (`cat_id`, `cat_name`, `cat_description`) VALUES (60, 'quis', 'Suscipit aut vel saepe placeat est quibusdam. Odio ab earum molestias architecto aspernatur et neque. Amet ullam aut ipsa aliquid. Consequatur debitis maxime ipsum ut recusandae aut atque ipsam.');
INSERT INTO `category` (`cat_id`, `cat_name`, `cat_description`) VALUES (61, 'ullam', 'Qui et est dolores rem et quis. Maiores dolores consequatur voluptatem deleniti temporibus exercitationem magnam. Et eligendi omnis et commodi.');
INSERT INTO `category` (`cat_id`, `cat_name`, `cat_description`) VALUES (62, 'earum', 'Atque repellat cum aut. Tempore occaecati qui eum eos est. Perspiciatis voluptate quibusdam eos beatae a qui ut recusandae. Nostrum voluptatem voluptas temporibus amet ab.');
INSERT INTO `category` (`cat_id`, `cat_name`, `cat_description`) VALUES (63, 'illum', 'Modi labore vero dolorum nesciunt. Fuga at neque quo ab similique voluptatibus. Necessitatibus beatae delectus mollitia nam provident impedit.');
INSERT INTO `category` (`cat_id`, `cat_name`, `cat_description`) VALUES (64, 'consequatur', 'Unde voluptatem recusandae vel dicta reprehenderit tenetur. Aliquam et et consequatur voluptate consequuntur hic id. Eos cum et unde voluptates. Maiores iusto ducimus ipsam ducimus sit voluptatem. Recusandae veritatis reprehenderit voluptatem delectus qui');
INSERT INTO `category` (`cat_id`, `cat_name`, `cat_description`) VALUES (65, 'qui', 'Aliquam ipsam ea et assumenda hic tempore corrupti. Eligendi tempore non temporibus consequatur. Sit est eum et aut.');
INSERT INTO `category` (`cat_id`, `cat_name`, `cat_description`) VALUES (66, 'perferendis', 'Itaque dolores aspernatur vitae non. Vitae perferendis sit unde corrupti aliquam ullam. Quibusdam veniam voluptas libero.');
INSERT INTO `category` (`cat_id`, `cat_name`, `cat_description`) VALUES (67, 'quo', 'Id sunt est eligendi assumenda. Tempora dolore optio tempora consequatur et deleniti et. Sapiente non ipsum nam voluptatibus. Optio eos iste nemo corrupti molestiae quia.');
INSERT INTO `category` (`cat_id`, `cat_name`, `cat_description`) VALUES (68, 'culpa', 'Unde est facere explicabo quis est incidunt et. Officia nisi quas aspernatur dolorem voluptas praesentium nemo cumque. Architecto sit quod optio sit. Tempore et quae eius asperiores quis repellendus totam et. Dolorem sit rem quae ea eum.');
INSERT INTO `category` (`cat_id`, `cat_name`, `cat_description`) VALUES (69, 'quaerat', 'Perferendis nihil quia dolores nihil est et. Itaque modi ut officiis. Corrupti sunt ipsum dicta culpa vel quidem. Autem aperiam quia voluptas est voluptatem.');
INSERT INTO `category` (`cat_id`, `cat_name`, `cat_description`) VALUES (70, 'totam', 'Perspiciatis ullam qui ut nihil reprehenderit. Quo accusantium quia velit libero. Dolorum cumque vel nihil nulla libero atque qui rerum.');
INSERT INTO `category` (`cat_id`, `cat_name`, `cat_description`) VALUES (71, 'et', 'Quod autem sit dolores est. Aliquam est est in et repellat assumenda nihil ullam.');
INSERT INTO `category` (`cat_id`, `cat_name`, `cat_description`) VALUES (72, 'et', 'Provident dignissimos velit assumenda id ex nisi magni. Blanditiis nam necessitatibus quos dolorum. Doloribus consectetur aut voluptatum sapiente error.');
INSERT INTO `category` (`cat_id`, `cat_name`, `cat_description`) VALUES (73, 'rerum', 'Enim alias repellat fugit quo veritatis aperiam. Eaque sed asperiores earum neque quia vitae. Maiores perspiciatis distinctio dolores nobis et. Adipisci ullam unde eligendi quia omnis et consequatur.');
INSERT INTO `category` (`cat_id`, `cat_name`, `cat_description`) VALUES (74, 'consequuntur', 'Distinctio id possimus ipsum sequi. Voluptate et ab doloremque. Veniam laborum praesentium accusamus vitae nulla. Beatae quaerat porro quis possimus. Et et ad numquam aut ea temporibus.');
INSERT INTO `category` (`cat_id`, `cat_name`, `cat_description`) VALUES (75, 'vel', 'Molestiae earum quos quas nulla explicabo dolores voluptatem. Ea odit eaque provident vel. Adipisci vero veritatis quam modi. Necessitatibus corrupti accusamus ullam ullam deserunt accusamus.');
INSERT INTO `category` (`cat_id`, `cat_name`, `cat_description`) VALUES (76, 'non', 'Sequi cupiditate aut voluptas sunt. Vel quidem corporis dolores suscipit omnis ut. Vero enim eos consequatur perferendis ut. Beatae quia omnis temporibus.');
INSERT INTO `category` (`cat_id`, `cat_name`, `cat_description`) VALUES (77, 'et', 'Enim sint fuga inventore. Rerum consequatur quis voluptatem natus vitae rem. Consequatur ex quae natus omnis minus voluptatem.');
INSERT INTO `category` (`cat_id`, `cat_name`, `cat_description`) VALUES (78, 'illum', 'Atque eaque nam culpa assumenda omnis unde. Dicta necessitatibus repellat ut voluptate qui. Vel ducimus voluptas maxime quia quae. Sed officiis dolorum est et quia.');
INSERT INTO `category` (`cat_id`, `cat_name`, `cat_description`) VALUES (79, 'dolores', 'Veritatis expedita recusandae consequatur magni aut natus. Qui eum tenetur voluptas dolorum vel. Commodi earum quidem velit nesciunt odit optio.');
INSERT INTO `category` (`cat_id`, `cat_name`, `cat_description`) VALUES (80, 'rem', 'Officiis deleniti est est qui. Quia accusamus eaque eum dolore delectus id. Officiis facere recusandae consequatur ad illum odit labore ea. Provident nobis dicta provident ipsam ea inventore ut asperiores.');
INSERT INTO `category` (`cat_id`, `cat_name`, `cat_description`) VALUES (81, 'quasi', 'Quidem possimus tempore perspiciatis quam laborum qui in. Unde vitae dignissimos cum iure quia rem. Beatae sapiente hic sint velit alias. Aliquid et eos id earum ut.');
INSERT INTO `category` (`cat_id`, `cat_name`, `cat_description`) VALUES (82, 'aut', 'Eveniet commodi voluptas eligendi. Aperiam atque laudantium magnam praesentium rerum maxime aut. Autem distinctio enim magnam dolore molestias. Quae aut aut aut quasi necessitatibus.');
INSERT INTO `category` (`cat_id`, `cat_name`, `cat_description`) VALUES (83, 'excepturi', 'Ullam a est sequi occaecati nihil iusto. Dignissimos consequatur incidunt repudiandae est. Qui culpa neque doloribus sed expedita ut aut corporis. Quasi dicta nesciunt optio quo qui odio.');
INSERT INTO `category` (`cat_id`, `cat_name`, `cat_description`) VALUES (84, 'rerum', 'Ut velit pariatur et molestiae fugit. Enim voluptas et ipsum sunt aliquid aut nulla. Cumque et qui nihil voluptatem id rerum.');
INSERT INTO `category` (`cat_id`, `cat_name`, `cat_description`) VALUES (85, 'ab', 'Quisquam aut atque voluptatem id. Sequi quasi minima voluptatibus eaque. Aliquid rerum quo voluptas molestiae eaque qui. Deleniti cum quisquam impedit eius itaque.');
INSERT INTO `category` (`cat_id`, `cat_name`, `cat_description`) VALUES (86, 'enim', 'Magnam accusamus odio ut qui quia illo repellat. Vitae aspernatur et atque nihil illum et eveniet quo. Suscipit laborum voluptas deleniti rerum magni qui rerum eligendi.');
INSERT INTO `category` (`cat_id`, `cat_name`, `cat_description`) VALUES (87, 'non', 'Sunt assumenda quia dolorum veritatis aperiam fugiat id. Ullam asperiores voluptate autem vel nam. Est et ut qui earum.');
INSERT INTO `category` (`cat_id`, `cat_name`, `cat_description`) VALUES (88, 'fuga', 'Eaque quasi veniam odio ipsam autem autem. Iste sapiente omnis expedita eaque temporibus voluptatem nam. Quod autem nobis laudantium modi quas qui. Consequatur eos illo enim qui ut hic.');
INSERT INTO `category` (`cat_id`, `cat_name`, `cat_description`) VALUES (89, 'quia', 'Consectetur placeat dolor voluptatem. Hic ab quia voluptas architecto quam enim.');
INSERT INTO `category` (`cat_id`, `cat_name`, `cat_description`) VALUES (90, 'voluptatem', 'Omnis doloremque qui id debitis dicta et. Et saepe molestiae libero reiciendis tempora nam consequatur. Debitis asperiores consequatur eveniet aut rerum corporis iure repellendus.');
INSERT INTO `category` (`cat_id`, `cat_name`, `cat_description`) VALUES (91, 'et', 'Est voluptatem est ipsam molestiae temporibus aperiam. In earum qui in quia architecto.');
INSERT INTO `category` (`cat_id`, `cat_name`, `cat_description`) VALUES (92, 'ratione', 'Enim velit minima deleniti ducimus quo. Aspernatur eum eum ut dolor voluptatem aut. Dolore ratione omnis eos temporibus harum est. Nostrum praesentium omnis dicta beatae facere rerum.');
INSERT INTO `category` (`cat_id`, `cat_name`, `cat_description`) VALUES (93, 'qui', 'Autem culpa ullam saepe. Quibusdam suscipit aut inventore ratione deleniti. Delectus qui sed dolorem omnis error voluptatibus.');
INSERT INTO `category` (`cat_id`, `cat_name`, `cat_description`) VALUES (94, 'odit', 'Est at itaque reiciendis aspernatur placeat quo repellat. Sint pariatur tempora dignissimos itaque. Sit nostrum perferendis in quia.');
INSERT INTO `category` (`cat_id`, `cat_name`, `cat_description`) VALUES (95, 'hic', 'Officiis ipsum voluptatem quo eaque quia. Numquam molestiae voluptas quod aliquam vel. Sint sint qui ut.');
INSERT INTO `category` (`cat_id`, `cat_name`, `cat_description`) VALUES (96, 'ut', 'Deleniti nihil a minus quibusdam quasi ducimus libero. Velit doloremque est delectus maxime velit ut. A earum animi tenetur similique reiciendis. Qui at ut quisquam velit.');
INSERT INTO `category` (`cat_id`, `cat_name`, `cat_description`) VALUES (97, 'unde', 'Sapiente illum cum accusamus et iste. Perspiciatis nihil ullam deserunt molestias similique dolores quo. Aut eveniet omnis ut dignissimos eum illum in.');
INSERT INTO `category` (`cat_id`, `cat_name`, `cat_description`) VALUES (98, 'voluptas', 'Consectetur nam adipisci eos et non. Necessitatibus delectus voluptas est quam quo facere sit. Asperiores est voluptas odio neque quam aut. Cumque nostrum voluptatem tempore fuga et veniam rerum.');
INSERT INTO `category` (`cat_id`, `cat_name`, `cat_description`) VALUES (99, 'voluptatem', 'Sapiente dignissimos dignissimos eius possimus omnis et molestias sed. Accusamus ipsum sequi officiis a. Ut voluptatem optio omnis id. Earum ut ducimus sit ex sit quibusdam.');
INSERT INTO `category` (`cat_id`, `cat_name`, `cat_description`) VALUES (100, 'veritatis', 'Est ullam sapiente beatae molestiae doloribus velit asperiores vitae. Voluptatum accusantium corporis veniam qui. Quasi culpa est eius ut et voluptates ratione.');


#
# TABLE STRUCTURE FOR: measure
#


INSERT INTO `measure` (`ms_id`, `ms_long_name`, `ms_short_name`) VALUES (1, 'aspernatur', 'aperi');
INSERT INTO `measure` (`ms_id`, `ms_long_name`, `ms_short_name`) VALUES (2, 'aut', 'nulla');
INSERT INTO `measure` (`ms_id`, `ms_long_name`, `ms_short_name`) VALUES (3, 'eveniet', 'ipsam');
INSERT INTO `measure` (`ms_id`, `ms_long_name`, `ms_short_name`) VALUES (4, 'temporibus', 'liber');
INSERT INTO `measure` (`ms_id`, `ms_long_name`, `ms_short_name`) VALUES (5, 'amet', 'qui');
INSERT INTO `measure` (`ms_id`, `ms_long_name`, `ms_short_name`) VALUES (6, 'expedita', 'dolor');
INSERT INTO `measure` (`ms_id`, `ms_long_name`, `ms_short_name`) VALUES (7, 'velit', 'conse');
INSERT INTO `measure` (`ms_id`, `ms_long_name`, `ms_short_name`) VALUES (8, 'sint', 'ducim');
INSERT INTO `measure` (`ms_id`, `ms_long_name`, `ms_short_name`) VALUES (9, 'velit', 'excep');
INSERT INTO `measure` (`ms_id`, `ms_long_name`, `ms_short_name`) VALUES (10, 'eum', 'facil');
INSERT INTO `measure` (`ms_id`, `ms_long_name`, `ms_short_name`) VALUES (11, 'in', 'simil');
INSERT INTO `measure` (`ms_id`, `ms_long_name`, `ms_short_name`) VALUES (12, 'laudantium', 'delen');
INSERT INTO `measure` (`ms_id`, `ms_long_name`, `ms_short_name`) VALUES (13, 'iusto', 'aut');
INSERT INTO `measure` (`ms_id`, `ms_long_name`, `ms_short_name`) VALUES (14, 'quibusdam', 'provi');
INSERT INTO `measure` (`ms_id`, `ms_long_name`, `ms_short_name`) VALUES (15, 'quisquam', 'nihil');
INSERT INTO `measure` (`ms_id`, `ms_long_name`, `ms_short_name`) VALUES (16, 'cumque', 'dolor');
INSERT INTO `measure` (`ms_id`, `ms_long_name`, `ms_short_name`) VALUES (17, 'optio', 'omnis');
INSERT INTO `measure` (`ms_id`, `ms_long_name`, `ms_short_name`) VALUES (18, 'voluptatem', 'est');
INSERT INTO `measure` (`ms_id`, `ms_long_name`, `ms_short_name`) VALUES (19, 'dolorum', 'corpo');
INSERT INTO `measure` (`ms_id`, `ms_long_name`, `ms_short_name`) VALUES (20, 'facilis', 'volup');
INSERT INTO `measure` (`ms_id`, `ms_long_name`, `ms_short_name`) VALUES (21, 'minima', 'id');
INSERT INTO `measure` (`ms_id`, `ms_long_name`, `ms_short_name`) VALUES (22, 'dolorem', 'moles');
INSERT INTO `measure` (`ms_id`, `ms_long_name`, `ms_short_name`) VALUES (23, 'id', 'exerc');
INSERT INTO `measure` (`ms_id`, `ms_long_name`, `ms_short_name`) VALUES (24, 'sapiente', 'possi');
INSERT INTO `measure` (`ms_id`, `ms_long_name`, `ms_short_name`) VALUES (25, 'nostrum', 'ex');
INSERT INTO `measure` (`ms_id`, `ms_long_name`, `ms_short_name`) VALUES (26, 'excepturi', 'hic');
INSERT INTO `measure` (`ms_id`, `ms_long_name`, `ms_short_name`) VALUES (27, 'asperiores', 'quia');
INSERT INTO `measure` (`ms_id`, `ms_long_name`, `ms_short_name`) VALUES (28, 'aut', 'excep');
INSERT INTO `measure` (`ms_id`, `ms_long_name`, `ms_short_name`) VALUES (29, 'est', 'cumqu');
INSERT INTO `measure` (`ms_id`, `ms_long_name`, `ms_short_name`) VALUES (30, 'aspernatur', 'paria');
INSERT INTO `measure` (`ms_id`, `ms_long_name`, `ms_short_name`) VALUES (31, 'aut', 'error');
INSERT INTO `measure` (`ms_id`, `ms_long_name`, `ms_short_name`) VALUES (32, 'et', 'omnis');
INSERT INTO `measure` (`ms_id`, `ms_long_name`, `ms_short_name`) VALUES (33, 'quas', 'nisi');
INSERT INTO `measure` (`ms_id`, `ms_long_name`, `ms_short_name`) VALUES (34, 'est', 'omnis');
INSERT INTO `measure` (`ms_id`, `ms_long_name`, `ms_short_name`) VALUES (35, 'sit', 'dolor');
INSERT INTO `measure` (`ms_id`, `ms_long_name`, `ms_short_name`) VALUES (36, 'inventore', 'delen');
INSERT INTO `measure` (`ms_id`, `ms_long_name`, `ms_short_name`) VALUES (37, 'iure', 'aliqu');
INSERT INTO `measure` (`ms_id`, `ms_long_name`, `ms_short_name`) VALUES (38, 'quae', 'cumqu');
INSERT INTO `measure` (`ms_id`, `ms_long_name`, `ms_short_name`) VALUES (39, 'eaque', 'conse');
INSERT INTO `measure` (`ms_id`, `ms_long_name`, `ms_short_name`) VALUES (40, 'odit', 'aliqu');
INSERT INTO `measure` (`ms_id`, `ms_long_name`, `ms_short_name`) VALUES (41, 'est', 'quia');
INSERT INTO `measure` (`ms_id`, `ms_long_name`, `ms_short_name`) VALUES (42, 'id', 'ipsam');
INSERT INTO `measure` (`ms_id`, `ms_long_name`, `ms_short_name`) VALUES (43, 'repudiandae', 'nihil');
INSERT INTO `measure` (`ms_id`, `ms_long_name`, `ms_short_name`) VALUES (44, 'voluptatum', 'venia');
INSERT INTO `measure` (`ms_id`, `ms_long_name`, `ms_short_name`) VALUES (45, 'aut', 'dolor');
INSERT INTO `measure` (`ms_id`, `ms_long_name`, `ms_short_name`) VALUES (46, 'aliquam', 'eaque');
INSERT INTO `measure` (`ms_id`, `ms_long_name`, `ms_short_name`) VALUES (47, 'tenetur', 'aut');
INSERT INTO `measure` (`ms_id`, `ms_long_name`, `ms_short_name`) VALUES (48, 'voluptas', 'neque');
INSERT INTO `measure` (`ms_id`, `ms_long_name`, `ms_short_name`) VALUES (49, 'voluptatem', 'asper');
INSERT INTO `measure` (`ms_id`, `ms_long_name`, `ms_short_name`) VALUES (50, 'quia', 'deser');
INSERT INTO `measure` (`ms_id`, `ms_long_name`, `ms_short_name`) VALUES (51, 'culpa', 'offic');
INSERT INTO `measure` (`ms_id`, `ms_long_name`, `ms_short_name`) VALUES (52, 'molestias', 'ipsam');
INSERT INTO `measure` (`ms_id`, `ms_long_name`, `ms_short_name`) VALUES (53, 'nisi', 'disti');
INSERT INTO `measure` (`ms_id`, `ms_long_name`, `ms_short_name`) VALUES (54, 'distinctio', 'labor');
INSERT INTO `measure` (`ms_id`, `ms_long_name`, `ms_short_name`) VALUES (55, 'pariatur', 'aut');
INSERT INTO `measure` (`ms_id`, `ms_long_name`, `ms_short_name`) VALUES (56, 'amet', 'odit');
INSERT INTO `measure` (`ms_id`, `ms_long_name`, `ms_short_name`) VALUES (57, 'vel', 'autem');
INSERT INTO `measure` (`ms_id`, `ms_long_name`, `ms_short_name`) VALUES (58, 'dolorum', 'quod');
INSERT INTO `measure` (`ms_id`, `ms_long_name`, `ms_short_name`) VALUES (59, 'facere', 'eos');
INSERT INTO `measure` (`ms_id`, `ms_long_name`, `ms_short_name`) VALUES (60, 'aut', 'esse');
INSERT INTO `measure` (`ms_id`, `ms_long_name`, `ms_short_name`) VALUES (61, 'atque', 'autem');
INSERT INTO `measure` (`ms_id`, `ms_long_name`, `ms_short_name`) VALUES (62, 'explicabo', 'porro');
INSERT INTO `measure` (`ms_id`, `ms_long_name`, `ms_short_name`) VALUES (63, 'at', 'harum');
INSERT INTO `measure` (`ms_id`, `ms_long_name`, `ms_short_name`) VALUES (64, 'cumque', 'reici');
INSERT INTO `measure` (`ms_id`, `ms_long_name`, `ms_short_name`) VALUES (65, 'voluptates', 'liber');
INSERT INTO `measure` (`ms_id`, `ms_long_name`, `ms_short_name`) VALUES (66, 'quas', 'eos');
INSERT INTO `measure` (`ms_id`, `ms_long_name`, `ms_short_name`) VALUES (67, 'ut', 'nihil');
INSERT INTO `measure` (`ms_id`, `ms_long_name`, `ms_short_name`) VALUES (68, 'ipsa', 'assum');
INSERT INTO `measure` (`ms_id`, `ms_long_name`, `ms_short_name`) VALUES (69, 'a', 'aut');
INSERT INTO `measure` (`ms_id`, `ms_long_name`, `ms_short_name`) VALUES (70, 'est', 'cumqu');
INSERT INTO `measure` (`ms_id`, `ms_long_name`, `ms_short_name`) VALUES (71, 'provident', 'itaqu');
INSERT INTO `measure` (`ms_id`, `ms_long_name`, `ms_short_name`) VALUES (72, 'aut', 'hic');
INSERT INTO `measure` (`ms_id`, `ms_long_name`, `ms_short_name`) VALUES (73, 'nobis', 'animi');
INSERT INTO `measure` (`ms_id`, `ms_long_name`, `ms_short_name`) VALUES (74, 'aliquid', 'rerum');
INSERT INTO `measure` (`ms_id`, `ms_long_name`, `ms_short_name`) VALUES (75, 'qui', 'conse');
INSERT INTO `measure` (`ms_id`, `ms_long_name`, `ms_short_name`) VALUES (76, 'alias', 'maxim');
INSERT INTO `measure` (`ms_id`, `ms_long_name`, `ms_short_name`) VALUES (77, 'maiores', 'qui');
INSERT INTO `measure` (`ms_id`, `ms_long_name`, `ms_short_name`) VALUES (78, 'totam', 'magni');
INSERT INTO `measure` (`ms_id`, `ms_long_name`, `ms_short_name`) VALUES (79, 'sint', 'offic');
INSERT INTO `measure` (`ms_id`, `ms_long_name`, `ms_short_name`) VALUES (80, 'excepturi', 'illum');
INSERT INTO `measure` (`ms_id`, `ms_long_name`, `ms_short_name`) VALUES (81, 'illo', 'tempo');
INSERT INTO `measure` (`ms_id`, `ms_long_name`, `ms_short_name`) VALUES (82, 'possimus', 'et');
INSERT INTO `measure` (`ms_id`, `ms_long_name`, `ms_short_name`) VALUES (83, 'voluptas', 'eveni');
INSERT INTO `measure` (`ms_id`, `ms_long_name`, `ms_short_name`) VALUES (84, 'est', 'ut');
INSERT INTO `measure` (`ms_id`, `ms_long_name`, `ms_short_name`) VALUES (85, 'ex', 'aliqu');
INSERT INTO `measure` (`ms_id`, `ms_long_name`, `ms_short_name`) VALUES (86, 'dolor', 'repel');
INSERT INTO `measure` (`ms_id`, `ms_long_name`, `ms_short_name`) VALUES (87, 'quia', 'odit');
INSERT INTO `measure` (`ms_id`, `ms_long_name`, `ms_short_name`) VALUES (88, 'ea', 'commo');
INSERT INTO `measure` (`ms_id`, `ms_long_name`, `ms_short_name`) VALUES (89, 'numquam', 'paria');
INSERT INTO `measure` (`ms_id`, `ms_long_name`, `ms_short_name`) VALUES (90, 'quas', 'autem');
INSERT INTO `measure` (`ms_id`, `ms_long_name`, `ms_short_name`) VALUES (91, 'odit', 'ab');
INSERT INTO `measure` (`ms_id`, `ms_long_name`, `ms_short_name`) VALUES (92, 'at', 'quis');
INSERT INTO `measure` (`ms_id`, `ms_long_name`, `ms_short_name`) VALUES (93, 'officiis', 'quo');
INSERT INTO `measure` (`ms_id`, `ms_long_name`, `ms_short_name`) VALUES (94, 'nihil', 'aliqu');
INSERT INTO `measure` (`ms_id`, `ms_long_name`, `ms_short_name`) VALUES (95, 'optio', 'saepe');
INSERT INTO `measure` (`ms_id`, `ms_long_name`, `ms_short_name`) VALUES (96, 'vero', 'vel');
INSERT INTO `measure` (`ms_id`, `ms_long_name`, `ms_short_name`) VALUES (97, 'fugiat', 'reici');
INSERT INTO `measure` (`ms_id`, `ms_long_name`, `ms_short_name`) VALUES (98, 'voluptatem', 'sunt');
INSERT INTO `measure` (`ms_id`, `ms_long_name`, `ms_short_name`) VALUES (99, 'et', 'iste');
INSERT INTO `measure` (`ms_id`, `ms_long_name`, `ms_short_name`) VALUES (100, 'vel', 'perfe');


#
# TABLE STRUCTURE FOR: product
#


INSERT INTO `product` (`pr_id`, `measure_ms_id`, `pr_name`, `pr_description`) VALUES (1, 1, 'consequatur', 'Vel quam exercitationem ducimus nulla quam. Hic et non quam rerum illum natus illo. Mollitia non ex praesentium placeat id.');
INSERT INTO `product` (`pr_id`, `measure_ms_id`, `pr_name`, `pr_description`) VALUES (2, 2, 'tenetur', 'Aut veniam voluptas ut exercitationem. Exercitationem saepe et error porro eum aliquam. Voluptatem animi velit autem nihil pariatur laudantium. Voluptatem dolorem ullam autem voluptate.');
INSERT INTO `product` (`pr_id`, `measure_ms_id`, `pr_name`, `pr_description`) VALUES (3, 3, 'necessitatibus', 'Non sed temporibus similique error omnis quo. Et illo sit quaerat distinctio sunt consectetur ut temporibus. Facere aspernatur cupiditate est quia quaerat.');
INSERT INTO `product` (`pr_id`, `measure_ms_id`, `pr_name`, `pr_description`) VALUES (4, 4, 'repellendus', 'Doloribus ea blanditiis nulla. Quae quia nemo unde quae asperiores earum. Quae aut quia voluptatem voluptas quo libero aspernatur. Qui unde aut aut magnam eligendi ipsa reprehenderit.');
INSERT INTO `product` (`pr_id`, `measure_ms_id`, `pr_name`, `pr_description`) VALUES (5, 5, 'tempora', 'Incidunt assumenda nemo nesciunt sequi voluptatibus. Iusto nesciunt repellat quas. Voluptas accusamus fugit quia temporibus harum est. Dicta et magni mollitia ea impedit non minima dicta.');
INSERT INTO `product` (`pr_id`, `measure_ms_id`, `pr_name`, `pr_description`) VALUES (6, 6, 'hic', 'Et sed ipsam est exercitationem dolore ut. Dolorem temporibus incidunt et magnam possimus adipisci tempore ullam. Et ut sint alias distinctio sed.');
INSERT INTO `product` (`pr_id`, `measure_ms_id`, `pr_name`, `pr_description`) VALUES (7, 7, 'soluta', 'Maiores et est eaque occaecati. Qui quis qui facere. Blanditiis voluptatum et quis. In rerum exercitationem harum molestiae odit et.');
INSERT INTO `product` (`pr_id`, `measure_ms_id`, `pr_name`, `pr_description`) VALUES (8, 8, 'est', 'Incidunt sapiente quis impedit corrupti. Aspernatur ut error qui ut culpa magnam. Qui quis numquam consequuntur quos laudantium recusandae excepturi dolor. Aliquid qui tenetur quo veritatis.');
INSERT INTO `product` (`pr_id`, `measure_ms_id`, `pr_name`, `pr_description`) VALUES (9, 9, 'sit', 'Quidem a non rerum aliquid. Maxime sint quasi ipsum rerum cumque atque dicta. Nemo sapiente eum autem sint.');
INSERT INTO `product` (`pr_id`, `measure_ms_id`, `pr_name`, `pr_description`) VALUES (10, 10, 'at', 'Magni saepe qui aut reiciendis delectus consequatur cum. Doloremque molestiae aut molestias ut ut exercitationem sed architecto. Asperiores molestias dignissimos ea omnis. Suscipit ea occaecati laudantium ipsum ut voluptate molestiae.');
INSERT INTO `product` (`pr_id`, `measure_ms_id`, `pr_name`, `pr_description`) VALUES (11, 11, 'tenetur', 'Et libero deserunt cumque ratione. Alias illo minima dolorem eos odio eligendi dolor. Praesentium neque sint et et.');
INSERT INTO `product` (`pr_id`, `measure_ms_id`, `pr_name`, `pr_description`) VALUES (12, 12, 'animi', 'Vel quia sint sequi velit. Ut facere sed rerum minima sint praesentium. Ipsum iure iste ducimus soluta dolores odio. Qui assumenda ad sit est et fuga.');
INSERT INTO `product` (`pr_id`, `measure_ms_id`, `pr_name`, `pr_description`) VALUES (13, 13, 'dolores', 'Cumque ipsam dignissimos quo nemo. Vel placeat dolore voluptate voluptatum adipisci facilis dolores velit. Odio dolore ex quo ut et corrupti. Sit in reprehenderit est nihil deserunt.');
INSERT INTO `product` (`pr_id`, `measure_ms_id`, `pr_name`, `pr_description`) VALUES (14, 14, 'itaque', 'Quidem atque aperiam voluptas voluptas. Temporibus esse sequi ea necessitatibus. Corporis aut quidem voluptatem pariatur voluptas unde doloremque. Dolor ipsa quia ratione ut omnis et.');
INSERT INTO `product` (`pr_id`, `measure_ms_id`, `pr_name`, `pr_description`) VALUES (15, 15, 'consequatur', 'Labore nisi omnis nesciunt magnam non architecto ut. Impedit fugit ut nisi in et quibusdam. Ipsum earum ducimus et odio unde et nobis. Suscipit omnis quis occaecati eligendi saepe quae.');
INSERT INTO `product` (`pr_id`, `measure_ms_id`, `pr_name`, `pr_description`) VALUES (16, 16, 'earum', 'Voluptatem cum nostrum ea. Praesentium quia saepe sint dolor occaecati amet. Vel tempora tempora non quidem officia expedita. Delectus beatae ad est nostrum qui.');
INSERT INTO `product` (`pr_id`, `measure_ms_id`, `pr_name`, `pr_description`) VALUES (17, 17, 'quis', 'Enim cupiditate eius provident voluptas quos. Vel sequi cupiditate excepturi atque. Facilis ut eos totam.');
INSERT INTO `product` (`pr_id`, `measure_ms_id`, `pr_name`, `pr_description`) VALUES (18, 18, 'eligendi', 'Doloribus sint perspiciatis ipsa molestiae delectus molestiae. Enim tenetur illum similique occaecati. Cumque commodi quibusdam harum optio labore ut voluptatem. Et numquam deleniti rem et aspernatur aut veritatis.');
INSERT INTO `product` (`pr_id`, `measure_ms_id`, `pr_name`, `pr_description`) VALUES (19, 19, 'molestiae', 'Sapiente recusandae minus et dolor corporis et quia quod. Minima eos nemo impedit minus. At molestias voluptatem omnis dolorem autem explicabo.');
INSERT INTO `product` (`pr_id`, `measure_ms_id`, `pr_name`, `pr_description`) VALUES (20, 20, 'fugiat', 'Nesciunt minima qui illo optio. Enim incidunt ex odio corporis doloribus. Impedit autem deserunt esse quam repudiandae perferendis.');
INSERT INTO `product` (`pr_id`, `measure_ms_id`, `pr_name`, `pr_description`) VALUES (21, 21, 'sint', 'Ipsa velit maiores veniam. Reprehenderit cumque dolore et est explicabo nam labore.');
INSERT INTO `product` (`pr_id`, `measure_ms_id`, `pr_name`, `pr_description`) VALUES (22, 22, 'animi', 'Corporis doloribus ut laborum temporibus. Voluptate labore fugiat inventore et iure pariatur aut. Veniam dignissimos dolorum quam nam consequatur ut. Dolorem doloremque voluptate corrupti a ullam.');
INSERT INTO `product` (`pr_id`, `measure_ms_id`, `pr_name`, `pr_description`) VALUES (23, 23, 'soluta', 'Dolor placeat qui laudantium voluptatem aut. Velit unde ratione qui fugiat. Hic distinctio odio ut sint fugiat.');
INSERT INTO `product` (`pr_id`, `measure_ms_id`, `pr_name`, `pr_description`) VALUES (24, 24, 'hic', 'Non facilis in distinctio molestiae eos aut consequatur. Mollitia quae quidem atque ex ipsum placeat. Sit quod consequatur enim et perspiciatis.');
INSERT INTO `product` (`pr_id`, `measure_ms_id`, `pr_name`, `pr_description`) VALUES (25, 25, 'quaerat', 'Ut quos eos voluptatum autem quaerat. Quo impedit ea nam suscipit maiores dolorem ipsum ipsam.');
INSERT INTO `product` (`pr_id`, `measure_ms_id`, `pr_name`, `pr_description`) VALUES (26, 26, 'ducimus', 'Minus minus adipisci deserunt saepe sunt ex quidem quam. Blanditiis aliquam aperiam numquam. Quaerat repellat voluptas optio reprehenderit est beatae iste. Ipsum ea porro dignissimos reiciendis.');
INSERT INTO `product` (`pr_id`, `measure_ms_id`, `pr_name`, `pr_description`) VALUES (27, 27, 'id', 'Sunt dignissimos aut quo assumenda optio quis. Natus modi ea animi. Doloremque ut sit inventore fugit esse est laborum id.');
INSERT INTO `product` (`pr_id`, `measure_ms_id`, `pr_name`, `pr_description`) VALUES (28, 28, 'voluptatibus', 'Et eveniet voluptate ut laboriosam expedita eos. Nihil veniam sit laudantium voluptatem. Voluptatem a ratione quaerat laudantium reprehenderit repellat et. Architecto aperiam porro laborum vitae et totam vel.');
INSERT INTO `product` (`pr_id`, `measure_ms_id`, `pr_name`, `pr_description`) VALUES (29, 29, 'id', 'Soluta odit illum dicta aut omnis aut maxime. Odit consequuntur excepturi eligendi laborum iste delectus rerum. Asperiores expedita dolore rem quo libero ab et perspiciatis.');
INSERT INTO `product` (`pr_id`, `measure_ms_id`, `pr_name`, `pr_description`) VALUES (30, 30, 'fugit', 'Recusandae quis qui porro aut est. Adipisci reprehenderit ut ut reiciendis.');
INSERT INTO `product` (`pr_id`, `measure_ms_id`, `pr_name`, `pr_description`) VALUES (31, 31, 'reprehenderit', 'Aliquam dolor quibusdam et quod nisi. Velit beatae dicta voluptatibus ea quia. Ut ducimus maiores possimus dolor ut.');
INSERT INTO `product` (`pr_id`, `measure_ms_id`, `pr_name`, `pr_description`) VALUES (32, 32, 'et', 'Odit a quae dolores et sint voluptatum. Aspernatur est omnis reprehenderit laboriosam nobis. Ut quasi voluptatum rerum et dolor molestiae rerum.');
INSERT INTO `product` (`pr_id`, `measure_ms_id`, `pr_name`, `pr_description`) VALUES (33, 33, 'veniam', 'Doloribus ea eum sequi natus aliquid error rerum. Modi quia omnis fugiat velit sunt voluptate. Porro accusamus a est officiis et dolor et quasi. Qui dolores odit libero perferendis itaque id libero.');
INSERT INTO `product` (`pr_id`, `measure_ms_id`, `pr_name`, `pr_description`) VALUES (34, 34, 'ut', 'Distinctio non ab dolores aspernatur. Ut dignissimos sunt doloremque. Laboriosam eos quae autem et recusandae dolorem.');
INSERT INTO `product` (`pr_id`, `measure_ms_id`, `pr_name`, `pr_description`) VALUES (35, 35, 'fugit', 'Nisi id porro velit libero maiores molestias neque. Omnis sunt voluptatibus sed nemo voluptas non rerum. Sequi et qui amet quidem ullam assumenda aut. Eius repudiandae aut eaque dolorem et excepturi excepturi.');
INSERT INTO `product` (`pr_id`, `measure_ms_id`, `pr_name`, `pr_description`) VALUES (36, 36, 'ut', 'Omnis quasi error enim accusantium blanditiis. Est voluptas sit dicta voluptatem ex exercitationem ratione sequi. Reiciendis quae sed et praesentium repellendus numquam ratione.');
INSERT INTO `product` (`pr_id`, `measure_ms_id`, `pr_name`, `pr_description`) VALUES (37, 37, 'ipsam', 'Dolorem et perferendis adipisci est aut amet. Ut animi qui est culpa. Delectus eos eveniet ut aliquam est dolor cum. Nesciunt quas aliquam voluptas aut qui.');
INSERT INTO `product` (`pr_id`, `measure_ms_id`, `pr_name`, `pr_description`) VALUES (38, 38, 'ipsa', 'Sed dolores eligendi aut rerum eum sunt similique. Qui repellendus iure quo unde eveniet voluptatem qui. Minus facilis repellendus assumenda dolores iusto voluptatem ea velit. Voluptas at quasi quis totam.');
INSERT INTO `product` (`pr_id`, `measure_ms_id`, `pr_name`, `pr_description`) VALUES (39, 39, 'doloremque', 'Qui nobis fugiat est quos culpa ipsam voluptas nihil. Nostrum magni et animi provident vel fugit.');
INSERT INTO `product` (`pr_id`, `measure_ms_id`, `pr_name`, `pr_description`) VALUES (40, 40, 'at', 'Pariatur dolores vero officiis. Soluta aliquid ipsum voluptatem dolores reprehenderit harum consequatur. Est et ad rerum libero quas error. Saepe odit quidem in ut.');
INSERT INTO `product` (`pr_id`, `measure_ms_id`, `pr_name`, `pr_description`) VALUES (41, 41, 'asperiores', 'Numquam sed ipsam voluptatem repellat. Nihil incidunt sint et saepe deleniti. Nisi aut molestiae ut eaque fugit itaque provident mollitia. Explicabo et a voluptates enim cum.');
INSERT INTO `product` (`pr_id`, `measure_ms_id`, `pr_name`, `pr_description`) VALUES (42, 42, 'illo', 'Quasi odio tenetur eaque molestias eligendi atque. Suscipit quasi laboriosam inventore quidem ad ea quidem hic. Esse reiciendis vitae aut optio iste nihil iste praesentium.');
INSERT INTO `product` (`pr_id`, `measure_ms_id`, `pr_name`, `pr_description`) VALUES (43, 43, 'voluptatem', 'Voluptates pariatur at qui molestiae fugiat. Dolorem non officia dolor. Delectus deserunt eius laboriosam voluptatem eos tenetur. Et neque eum ipsa.');
INSERT INTO `product` (`pr_id`, `measure_ms_id`, `pr_name`, `pr_description`) VALUES (44, 44, 'ea', 'Enim omnis alias magni ut velit. Accusantium in enim at quia voluptatem suscipit corrupti enim. Quaerat est quo sed aut quae maiores pariatur. Odio molestiae aspernatur id.');
INSERT INTO `product` (`pr_id`, `measure_ms_id`, `pr_name`, `pr_description`) VALUES (45, 45, 'molestiae', 'Et dolores vel ut quia sed et non quam. Error omnis ratione et corporis. Vero impedit explicabo expedita deleniti.');
INSERT INTO `product` (`pr_id`, `measure_ms_id`, `pr_name`, `pr_description`) VALUES (46, 46, 'dicta', 'Qui et autem consequatur repellat qui veniam. Aperiam unde mollitia iusto vel. Libero et dolorum sapiente ut quidem odio id. Nostrum fuga ex maxime voluptate sapiente.');
INSERT INTO `product` (`pr_id`, `measure_ms_id`, `pr_name`, `pr_description`) VALUES (47, 47, 'earum', 'Vel saepe aut nihil laborum voluptatem debitis tempora. Eos tenetur quae soluta rerum non modi. Fuga sunt quis accusantium in eligendi.');
INSERT INTO `product` (`pr_id`, `measure_ms_id`, `pr_name`, `pr_description`) VALUES (48, 48, 'tempore', 'Enim qui et enim laborum. Quos voluptates nostrum voluptatem. Omnis doloremque sed illum sunt praesentium at suscipit. Vel fugiat nemo a corporis. Voluptatibus asperiores repellendus eveniet ex officiis quaerat.');
INSERT INTO `product` (`pr_id`, `measure_ms_id`, `pr_name`, `pr_description`) VALUES (49, 49, 'magnam', 'Quis omnis adipisci natus omnis ab ullam in. Quisquam omnis est eveniet molestias occaecati. Ullam delectus iusto magnam nobis praesentium. Et repellendus molestiae et possimus rerum et explicabo.');
INSERT INTO `product` (`pr_id`, `measure_ms_id`, `pr_name`, `pr_description`) VALUES (50, 50, 'rerum', 'Quia cum eum animi et vel ut possimus. Molestiae aut ipsam suscipit autem aut sapiente. Similique sunt nihil dolores aliquam ea. Beatae et eum voluptate voluptates. Odio quasi dolor enim voluptatem corrupti impedit qui.');
INSERT INTO `product` (`pr_id`, `measure_ms_id`, `pr_name`, `pr_description`) VALUES (51, 51, 'voluptatibus', 'Dolore eaque explicabo et architecto. Quasi consequatur eveniet quos omnis modi placeat reprehenderit. Molestiae quaerat illum rerum assumenda omnis cumque.');
INSERT INTO `product` (`pr_id`, `measure_ms_id`, `pr_name`, `pr_description`) VALUES (52, 52, 'cupiditate', 'Praesentium odit et aut quo. Suscipit debitis cum quo facere tempore. Vitae a dolor est quia.');
INSERT INTO `product` (`pr_id`, `measure_ms_id`, `pr_name`, `pr_description`) VALUES (53, 53, 'maxime', 'Porro id ex ut reprehenderit. Aliquam magni deserunt odit eos quos delectus et beatae. Dolor cum praesentium dicta qui fugit quis. Fugiat atque est voluptatibus dolorem. Dolor aut recusandae quo accusantium laborum.');
INSERT INTO `product` (`pr_id`, `measure_ms_id`, `pr_name`, `pr_description`) VALUES (54, 54, 'est', 'Magnam recusandae voluptate enim fuga et. Corporis voluptas rerum exercitationem eius commodi. Aut voluptatibus molestiae aliquid reiciendis. Cum excepturi veniam sed voluptatem velit minus.');
INSERT INTO `product` (`pr_id`, `measure_ms_id`, `pr_name`, `pr_description`) VALUES (55, 55, 'aliquam', 'Beatae voluptate et quia omnis assumenda modi ut dolores. Doloribus qui dolorum itaque. Eaque ipsam architecto quia omnis ullam dolorem debitis.');
INSERT INTO `product` (`pr_id`, `measure_ms_id`, `pr_name`, `pr_description`) VALUES (56, 56, 'veniam', 'Assumenda officia suscipit qui et expedita. Consequatur modi repellendus nihil provident qui. Natus ut ut recusandae rerum odit ad voluptatem alias.');
INSERT INTO `product` (`pr_id`, `measure_ms_id`, `pr_name`, `pr_description`) VALUES (57, 57, 'exercitationem', 'Facere cum qui dolor atque voluptatem omnis consequatur ut. Sed sit nihil nobis consequuntur nam inventore. Ex velit tempore quod rerum odio placeat qui.');
INSERT INTO `product` (`pr_id`, `measure_ms_id`, `pr_name`, `pr_description`) VALUES (58, 58, 'accusantium', 'Reprehenderit inventore optio et necessitatibus doloribus maxime. Qui adipisci impedit occaecati animi consequuntur nesciunt quia. Culpa ipsam nisi reiciendis rerum. Cum autem unde suscipit sunt atque fugit consequuntur. Architecto nostrum provident vel o');
INSERT INTO `product` (`pr_id`, `measure_ms_id`, `pr_name`, `pr_description`) VALUES (59, 59, 'beatae', 'Quia vero molestias ut aut iure iste. Vel molestiae fugit unde error quo et deleniti. Ut cupiditate iure doloremque esse similique. Velit ab ipsum iusto ullam. Quod optio eveniet omnis et at.');
INSERT INTO `product` (`pr_id`, `measure_ms_id`, `pr_name`, `pr_description`) VALUES (60, 60, 'et', 'Delectus quia modi qui quo. Et provident quidem et iste quia. Quasi placeat quaerat alias nihil impedit. Commodi corporis et dolores.');
INSERT INTO `product` (`pr_id`, `measure_ms_id`, `pr_name`, `pr_description`) VALUES (61, 61, 'consequatur', 'Voluptatem ipsa est nulla. Sed laboriosam eius deserunt sapiente sed tempora esse. Nulla quaerat consequatur voluptatem accusantium et quod earum. Et quod fugiat excepturi distinctio officia aperiam.');
INSERT INTO `product` (`pr_id`, `measure_ms_id`, `pr_name`, `pr_description`) VALUES (62, 62, 'qui', 'Dolore et tenetur qui consequatur quia. Qui accusantium eos doloremque quia exercitationem qui atque. Ratione modi perferendis et at et mollitia mollitia. Quia molestias voluptatem sequi et.');
INSERT INTO `product` (`pr_id`, `measure_ms_id`, `pr_name`, `pr_description`) VALUES (63, 63, 'dolores', 'Tempore animi ipsam et aut. Impedit rerum minus quo dolorum perferendis. Iusto et quisquam quas officia et ut.');
INSERT INTO `product` (`pr_id`, `measure_ms_id`, `pr_name`, `pr_description`) VALUES (64, 64, 'cumque', 'Qui quo amet dolore eveniet molestiae nobis illum. Molestias minima ut magni veniam voluptas. Magni minima qui quia nesciunt nisi omnis saepe.');
INSERT INTO `product` (`pr_id`, `measure_ms_id`, `pr_name`, `pr_description`) VALUES (65, 65, 'voluptatem', 'Vel tempore ut totam. Et sed architecto autem. Iste consectetur voluptates in voluptas. Sint nesciunt officiis in earum aut.');
INSERT INTO `product` (`pr_id`, `measure_ms_id`, `pr_name`, `pr_description`) VALUES (66, 66, 'molestiae', 'Mollitia in voluptatem molestiae. Sed quis ea natus est tenetur dignissimos optio.');
INSERT INTO `product` (`pr_id`, `measure_ms_id`, `pr_name`, `pr_description`) VALUES (67, 67, 'harum', 'Enim nostrum repellendus eligendi tempora. Delectus neque et natus iure voluptas nihil et. Qui eaque incidunt omnis omnis qui esse. Optio a autem rerum aut earum consequatur vero.');
INSERT INTO `product` (`pr_id`, `measure_ms_id`, `pr_name`, `pr_description`) VALUES (68, 68, 'in', 'Sed ullam earum reiciendis voluptas eveniet. Suscipit beatae aut quas debitis. Quae minima et quod dolor assumenda. Porro quia qui reprehenderit voluptatibus nihil quo voluptas corporis. Cupiditate sint repudiandae blanditiis neque.');
INSERT INTO `product` (`pr_id`, `measure_ms_id`, `pr_name`, `pr_description`) VALUES (69, 69, 'deleniti', 'Consequatur eos dolor sit. Vel autem est commodi. Consequatur maiores sed qui consectetur omnis. Atque rerum quas totam et sed pariatur ab fugiat.');
INSERT INTO `product` (`pr_id`, `measure_ms_id`, `pr_name`, `pr_description`) VALUES (70, 70, 'possimus', 'Ea enim aliquid placeat velit. Saepe ipsam qui at voluptas soluta id laborum. Temporibus porro et magnam non. Magnam repellat aut aut amet ex.');
INSERT INTO `product` (`pr_id`, `measure_ms_id`, `pr_name`, `pr_description`) VALUES (71, 71, 'ducimus', 'Dolor nulla maiores facere. Impedit harum et voluptatem dignissimos adipisci impedit atque. Et quos corrupti maxime voluptatem voluptas reprehenderit. Repudiandae commodi sit quaerat aperiam facilis.');
INSERT INTO `product` (`pr_id`, `measure_ms_id`, `pr_name`, `pr_description`) VALUES (72, 72, 'ipsum', 'Animi quisquam itaque fugit minima et atque laudantium. Voluptatem similique illo quibusdam aperiam deserunt quod. Ipsa enim soluta aut accusamus rerum repellat qui. Est aliquid ab magnam facilis repellendus nisi expedita.');
INSERT INTO `product` (`pr_id`, `measure_ms_id`, `pr_name`, `pr_description`) VALUES (73, 73, 'aspernatur', 'Iure harum cupiditate et et magni. Asperiores et aspernatur voluptatem ea blanditiis. Velit omnis exercitationem aut sunt id. Labore magnam sed aut.');
INSERT INTO `product` (`pr_id`, `measure_ms_id`, `pr_name`, `pr_description`) VALUES (74, 74, 'eius', 'Totam nesciunt et quae dolores quo eius. Itaque et est est. Maiores ipsa itaque officiis explicabo. Odit laborum similique et pariatur. Non delectus dolor ad assumenda.');
INSERT INTO `product` (`pr_id`, `measure_ms_id`, `pr_name`, `pr_description`) VALUES (75, 75, 'sapiente', 'Iusto in incidunt sapiente quisquam. Ut et expedita et ut quo aut. Soluta rerum corrupti voluptatum quod ad.');
INSERT INTO `product` (`pr_id`, `measure_ms_id`, `pr_name`, `pr_description`) VALUES (76, 76, 'numquam', 'Corporis laudantium doloribus dignissimos. Velit aut et porro facilis velit quaerat. Alias praesentium distinctio voluptas et maiores.');
INSERT INTO `product` (`pr_id`, `measure_ms_id`, `pr_name`, `pr_description`) VALUES (77, 77, 'voluptatem', 'Illo ab laudantium sed consequuntur. Iste maxime mollitia sunt eos similique. Quia occaecati quis sed ut dolor qui vitae sapiente. Reprehenderit eum fugiat non quia voluptate vero.');
INSERT INTO `product` (`pr_id`, `measure_ms_id`, `pr_name`, `pr_description`) VALUES (78, 78, 'est', 'Voluptas iusto quos aliquam omnis non. Ducimus eius deleniti odio nulla temporibus at. Neque enim ex maiores delectus.');
INSERT INTO `product` (`pr_id`, `measure_ms_id`, `pr_name`, `pr_description`) VALUES (79, 79, 'a', 'Fuga enim perferendis optio dolorum et. Iste magnam quibusdam quo optio. Totam impedit fuga qui similique non laborum facere atque.');
INSERT INTO `product` (`pr_id`, `measure_ms_id`, `pr_name`, `pr_description`) VALUES (80, 80, 'illo', 'Ut eligendi quia qui sint. Itaque nam rerum eveniet. Ut dolores ut quia sequi quaerat optio placeat unde. Et delectus delectus sint minima quasi minima et pariatur.');
INSERT INTO `product` (`pr_id`, `measure_ms_id`, `pr_name`, `pr_description`) VALUES (81, 81, 'et', 'Aliquam voluptas magnam consequatur eaque ab qui quia. Eum explicabo quia alias debitis blanditiis quaerat delectus. Eum tenetur eos qui nemo. Et voluptatum enim voluptatem quis corporis. Laborum alias et mollitia consectetur.');
INSERT INTO `product` (`pr_id`, `measure_ms_id`, `pr_name`, `pr_description`) VALUES (82, 82, 'sequi', 'Laboriosam fuga aspernatur quo cum assumenda dolorem voluptatum. Praesentium odit error assumenda.');
INSERT INTO `product` (`pr_id`, `measure_ms_id`, `pr_name`, `pr_description`) VALUES (83, 83, 'voluptatem', 'Sed culpa fugit ut et quisquam explicabo quae. Dolore et minus nobis magni non. Occaecati fuga exercitationem eos maiores dicta molestiae aut.');
INSERT INTO `product` (`pr_id`, `measure_ms_id`, `pr_name`, `pr_description`) VALUES (84, 84, 'dolore', 'Modi dolores rerum totam pariatur id accusantium. Impedit minus rerum quas sapiente esse illo non. Consequatur odit officia perspiciatis est incidunt laborum. Est labore ipsam rerum ad.');
INSERT INTO `product` (`pr_id`, `measure_ms_id`, `pr_name`, `pr_description`) VALUES (85, 85, 'eum', 'Harum ut autem praesentium consequatur facere. Et iste enim et perspiciatis eos sunt ipsam.');
INSERT INTO `product` (`pr_id`, `measure_ms_id`, `pr_name`, `pr_description`) VALUES (86, 86, 'vitae', 'Sit possimus consequatur nesciunt sed. Est nostrum vel ipsam. Cupiditate nihil aut impedit tempora nemo.');
INSERT INTO `product` (`pr_id`, `measure_ms_id`, `pr_name`, `pr_description`) VALUES (87, 87, 'non', 'Beatae est deserunt eum ex quia. Omnis enim veniam aut similique velit. Quos odio dolor debitis consequatur non dolor veniam. Molestias ex est nesciunt aut quam excepturi.');
INSERT INTO `product` (`pr_id`, `measure_ms_id`, `pr_name`, `pr_description`) VALUES (88, 88, 'architecto', 'Consectetur nemo optio ut natus. Accusamus autem ut eius repellendus et libero. Molestias accusamus veritatis eos atque libero.');
INSERT INTO `product` (`pr_id`, `measure_ms_id`, `pr_name`, `pr_description`) VALUES (89, 89, 'ducimus', 'Odio qui quo qui. Perferendis et nesciunt quis hic. Sequi modi sed sapiente aperiam consequatur harum provident voluptas. Aut sunt nesciunt id unde accusamus.');
INSERT INTO `product` (`pr_id`, `measure_ms_id`, `pr_name`, `pr_description`) VALUES (90, 90, 'hic', 'Eius iure sint quam est animi inventore aut. Velit iusto et in dignissimos et sunt quia. Quos dolore voluptatem eum praesentium accusantium sed est.');
INSERT INTO `product` (`pr_id`, `measure_ms_id`, `pr_name`, `pr_description`) VALUES (91, 91, 'laborum', 'Similique et quia omnis perferendis debitis. Nam aperiam maiores perferendis hic debitis blanditiis officia. Dolore vero omnis nulla quis cupiditate.');
INSERT INTO `product` (`pr_id`, `measure_ms_id`, `pr_name`, `pr_description`) VALUES (92, 92, 'culpa', 'Dolores perferendis nihil voluptate iusto cum. Adipisci nesciunt mollitia iusto est est repellat expedita amet. Optio expedita officiis amet culpa et doloribus quis.');
INSERT INTO `product` (`pr_id`, `measure_ms_id`, `pr_name`, `pr_description`) VALUES (93, 93, 'sapiente', 'Et odit qui sit in ut sunt. Ab quae maxime commodi.');
INSERT INTO `product` (`pr_id`, `measure_ms_id`, `pr_name`, `pr_description`) VALUES (94, 94, 'aliquid', 'Voluptas commodi dolores eos repellendus libero. Consectetur ducimus delectus sed ipsa odio eos. Dicta non voluptatem blanditiis ipsum nisi ipsa laboriosam. Impedit nam aliquam fugit nam est sunt.');
INSERT INTO `product` (`pr_id`, `measure_ms_id`, `pr_name`, `pr_description`) VALUES (95, 95, 'ullam', 'Et temporibus esse autem sapiente doloribus consequatur sit. Et harum ab quasi sequi. Omnis deserunt ea maxime soluta nemo et. Ut voluptatem consectetur quis cumque.');
INSERT INTO `product` (`pr_id`, `measure_ms_id`, `pr_name`, `pr_description`) VALUES (96, 96, 'dolor', 'Rerum rem at nostrum earum commodi ad quaerat. Et necessitatibus pariatur eius accusamus non incidunt. Qui ut eum reiciendis corrupti impedit rerum eos.');
INSERT INTO `product` (`pr_id`, `measure_ms_id`, `pr_name`, `pr_description`) VALUES (97, 97, 'iusto', 'Ut aut ut nisi. Quasi necessitatibus fuga hic et eius eos. Quia sunt commodi et error quis dolor. Dicta odit praesentium quibusdam reiciendis ab modi. Temporibus laboriosam cupiditate quidem dolorem aut itaque quia at.');
INSERT INTO `product` (`pr_id`, `measure_ms_id`, `pr_name`, `pr_description`) VALUES (98, 98, 'ut', 'Quam ea quisquam impedit voluptas perferendis dolorum consequatur. Cum aperiam earum facilis harum blanditiis veritatis.');
INSERT INTO `product` (`pr_id`, `measure_ms_id`, `pr_name`, `pr_description`) VALUES (99, 99, 'rerum', 'Aut delectus vero deserunt voluptatem inventore. Sed ut sit numquam sit molestiae. Suscipit ducimus ex perferendis deleniti dolores recusandae cumque.');
INSERT INTO `product` (`pr_id`, `measure_ms_id`, `pr_name`, `pr_description`) VALUES (100, 100, 'nesciunt', 'Veritatis aspernatur molestiae totam rerum velit. Nihil et molestias voluptate minus quo nihil delectus. Eveniet iure sit enim qui dolores dolorem ullam.');


#
# TABLE STRUCTURE FOR: category_has_product
#


INSERT INTO `category_has_product` (`category_cat_id`, `product_pr_id`) VALUES (1, 1);
INSERT INTO `category_has_product` (`category_cat_id`, `product_pr_id`) VALUES (2, 2);
INSERT INTO `category_has_product` (`category_cat_id`, `product_pr_id`) VALUES (3, 3);
INSERT INTO `category_has_product` (`category_cat_id`, `product_pr_id`) VALUES (4, 4);
INSERT INTO `category_has_product` (`category_cat_id`, `product_pr_id`) VALUES (5, 5);
INSERT INTO `category_has_product` (`category_cat_id`, `product_pr_id`) VALUES (6, 6);
INSERT INTO `category_has_product` (`category_cat_id`, `product_pr_id`) VALUES (7, 7);
INSERT INTO `category_has_product` (`category_cat_id`, `product_pr_id`) VALUES (8, 8);
INSERT INTO `category_has_product` (`category_cat_id`, `product_pr_id`) VALUES (9, 9);
INSERT INTO `category_has_product` (`category_cat_id`, `product_pr_id`) VALUES (10, 10);
INSERT INTO `category_has_product` (`category_cat_id`, `product_pr_id`) VALUES (11, 11);
INSERT INTO `category_has_product` (`category_cat_id`, `product_pr_id`) VALUES (12, 12);
INSERT INTO `category_has_product` (`category_cat_id`, `product_pr_id`) VALUES (13, 13);
INSERT INTO `category_has_product` (`category_cat_id`, `product_pr_id`) VALUES (14, 14);
INSERT INTO `category_has_product` (`category_cat_id`, `product_pr_id`) VALUES (15, 15);
INSERT INTO `category_has_product` (`category_cat_id`, `product_pr_id`) VALUES (16, 16);
INSERT INTO `category_has_product` (`category_cat_id`, `product_pr_id`) VALUES (17, 17);
INSERT INTO `category_has_product` (`category_cat_id`, `product_pr_id`) VALUES (18, 18);
INSERT INTO `category_has_product` (`category_cat_id`, `product_pr_id`) VALUES (19, 19);
INSERT INTO `category_has_product` (`category_cat_id`, `product_pr_id`) VALUES (20, 20);
INSERT INTO `category_has_product` (`category_cat_id`, `product_pr_id`) VALUES (21, 21);
INSERT INTO `category_has_product` (`category_cat_id`, `product_pr_id`) VALUES (22, 22);
INSERT INTO `category_has_product` (`category_cat_id`, `product_pr_id`) VALUES (23, 23);
INSERT INTO `category_has_product` (`category_cat_id`, `product_pr_id`) VALUES (24, 24);
INSERT INTO `category_has_product` (`category_cat_id`, `product_pr_id`) VALUES (25, 25);
INSERT INTO `category_has_product` (`category_cat_id`, `product_pr_id`) VALUES (26, 26);
INSERT INTO `category_has_product` (`category_cat_id`, `product_pr_id`) VALUES (27, 27);
INSERT INTO `category_has_product` (`category_cat_id`, `product_pr_id`) VALUES (28, 28);
INSERT INTO `category_has_product` (`category_cat_id`, `product_pr_id`) VALUES (29, 29);
INSERT INTO `category_has_product` (`category_cat_id`, `product_pr_id`) VALUES (30, 30);
INSERT INTO `category_has_product` (`category_cat_id`, `product_pr_id`) VALUES (31, 31);
INSERT INTO `category_has_product` (`category_cat_id`, `product_pr_id`) VALUES (32, 32);
INSERT INTO `category_has_product` (`category_cat_id`, `product_pr_id`) VALUES (33, 33);
INSERT INTO `category_has_product` (`category_cat_id`, `product_pr_id`) VALUES (34, 34);
INSERT INTO `category_has_product` (`category_cat_id`, `product_pr_id`) VALUES (35, 35);
INSERT INTO `category_has_product` (`category_cat_id`, `product_pr_id`) VALUES (36, 36);
INSERT INTO `category_has_product` (`category_cat_id`, `product_pr_id`) VALUES (37, 37);
INSERT INTO `category_has_product` (`category_cat_id`, `product_pr_id`) VALUES (38, 38);
INSERT INTO `category_has_product` (`category_cat_id`, `product_pr_id`) VALUES (39, 39);
INSERT INTO `category_has_product` (`category_cat_id`, `product_pr_id`) VALUES (40, 40);
INSERT INTO `category_has_product` (`category_cat_id`, `product_pr_id`) VALUES (41, 41);
INSERT INTO `category_has_product` (`category_cat_id`, `product_pr_id`) VALUES (42, 42);
INSERT INTO `category_has_product` (`category_cat_id`, `product_pr_id`) VALUES (43, 43);
INSERT INTO `category_has_product` (`category_cat_id`, `product_pr_id`) VALUES (44, 44);
INSERT INTO `category_has_product` (`category_cat_id`, `product_pr_id`) VALUES (45, 45);
INSERT INTO `category_has_product` (`category_cat_id`, `product_pr_id`) VALUES (46, 46);
INSERT INTO `category_has_product` (`category_cat_id`, `product_pr_id`) VALUES (47, 47);
INSERT INTO `category_has_product` (`category_cat_id`, `product_pr_id`) VALUES (48, 48);
INSERT INTO `category_has_product` (`category_cat_id`, `product_pr_id`) VALUES (49, 49);
INSERT INTO `category_has_product` (`category_cat_id`, `product_pr_id`) VALUES (50, 50);
INSERT INTO `category_has_product` (`category_cat_id`, `product_pr_id`) VALUES (51, 51);
INSERT INTO `category_has_product` (`category_cat_id`, `product_pr_id`) VALUES (52, 52);
INSERT INTO `category_has_product` (`category_cat_id`, `product_pr_id`) VALUES (53, 53);
INSERT INTO `category_has_product` (`category_cat_id`, `product_pr_id`) VALUES (54, 54);
INSERT INTO `category_has_product` (`category_cat_id`, `product_pr_id`) VALUES (55, 55);
INSERT INTO `category_has_product` (`category_cat_id`, `product_pr_id`) VALUES (56, 56);
INSERT INTO `category_has_product` (`category_cat_id`, `product_pr_id`) VALUES (57, 57);
INSERT INTO `category_has_product` (`category_cat_id`, `product_pr_id`) VALUES (58, 58);
INSERT INTO `category_has_product` (`category_cat_id`, `product_pr_id`) VALUES (59, 59);
INSERT INTO `category_has_product` (`category_cat_id`, `product_pr_id`) VALUES (60, 60);
INSERT INTO `category_has_product` (`category_cat_id`, `product_pr_id`) VALUES (61, 61);
INSERT INTO `category_has_product` (`category_cat_id`, `product_pr_id`) VALUES (62, 62);
INSERT INTO `category_has_product` (`category_cat_id`, `product_pr_id`) VALUES (63, 63);
INSERT INTO `category_has_product` (`category_cat_id`, `product_pr_id`) VALUES (64, 64);
INSERT INTO `category_has_product` (`category_cat_id`, `product_pr_id`) VALUES (65, 65);
INSERT INTO `category_has_product` (`category_cat_id`, `product_pr_id`) VALUES (66, 66);
INSERT INTO `category_has_product` (`category_cat_id`, `product_pr_id`) VALUES (67, 67);
INSERT INTO `category_has_product` (`category_cat_id`, `product_pr_id`) VALUES (68, 68);
INSERT INTO `category_has_product` (`category_cat_id`, `product_pr_id`) VALUES (69, 69);
INSERT INTO `category_has_product` (`category_cat_id`, `product_pr_id`) VALUES (70, 70);
INSERT INTO `category_has_product` (`category_cat_id`, `product_pr_id`) VALUES (71, 71);
INSERT INTO `category_has_product` (`category_cat_id`, `product_pr_id`) VALUES (72, 72);
INSERT INTO `category_has_product` (`category_cat_id`, `product_pr_id`) VALUES (73, 73);
INSERT INTO `category_has_product` (`category_cat_id`, `product_pr_id`) VALUES (74, 74);
INSERT INTO `category_has_product` (`category_cat_id`, `product_pr_id`) VALUES (75, 75);
INSERT INTO `category_has_product` (`category_cat_id`, `product_pr_id`) VALUES (76, 76);
INSERT INTO `category_has_product` (`category_cat_id`, `product_pr_id`) VALUES (77, 77);
INSERT INTO `category_has_product` (`category_cat_id`, `product_pr_id`) VALUES (78, 78);
INSERT INTO `category_has_product` (`category_cat_id`, `product_pr_id`) VALUES (79, 79);
INSERT INTO `category_has_product` (`category_cat_id`, `product_pr_id`) VALUES (80, 80);
INSERT INTO `category_has_product` (`category_cat_id`, `product_pr_id`) VALUES (81, 81);
INSERT INTO `category_has_product` (`category_cat_id`, `product_pr_id`) VALUES (82, 82);
INSERT INTO `category_has_product` (`category_cat_id`, `product_pr_id`) VALUES (83, 83);
INSERT INTO `category_has_product` (`category_cat_id`, `product_pr_id`) VALUES (84, 84);
INSERT INTO `category_has_product` (`category_cat_id`, `product_pr_id`) VALUES (85, 85);
INSERT INTO `category_has_product` (`category_cat_id`, `product_pr_id`) VALUES (86, 86);
INSERT INTO `category_has_product` (`category_cat_id`, `product_pr_id`) VALUES (87, 87);
INSERT INTO `category_has_product` (`category_cat_id`, `product_pr_id`) VALUES (88, 88);
INSERT INTO `category_has_product` (`category_cat_id`, `product_pr_id`) VALUES (89, 89);
INSERT INTO `category_has_product` (`category_cat_id`, `product_pr_id`) VALUES (90, 90);
INSERT INTO `category_has_product` (`category_cat_id`, `product_pr_id`) VALUES (91, 91);
INSERT INTO `category_has_product` (`category_cat_id`, `product_pr_id`) VALUES (92, 92);
INSERT INTO `category_has_product` (`category_cat_id`, `product_pr_id`) VALUES (93, 93);
INSERT INTO `category_has_product` (`category_cat_id`, `product_pr_id`) VALUES (94, 94);
INSERT INTO `category_has_product` (`category_cat_id`, `product_pr_id`) VALUES (95, 95);
INSERT INTO `category_has_product` (`category_cat_id`, `product_pr_id`) VALUES (96, 96);
INSERT INTO `category_has_product` (`category_cat_id`, `product_pr_id`) VALUES (97, 97);
INSERT INTO `category_has_product` (`category_cat_id`, `product_pr_id`) VALUES (98, 98);
INSERT INTO `category_has_product` (`category_cat_id`, `product_pr_id`) VALUES (99, 99);
INSERT INTO `category_has_product` (`category_cat_id`, `product_pr_id`) VALUES (100, 100);


#
# TABLE STRUCTURE FOR: recipe
#


INSERT INTO `recipe` (`rp_id`, `rp_name`, `rp_cooking`) VALUES (1, 'quia', 'Praesentium aut a tempora. Nobis reprehenderit nisi ea expedita aut.');
INSERT INTO `recipe` (`rp_id`, `rp_name`, `rp_cooking`) VALUES (2, 'sed', 'Tenetur vero officia officia occaecati quis eaque. In cumque ipsam aliquam et aut voluptas voluptatibus vel.');
INSERT INTO `recipe` (`rp_id`, `rp_name`, `rp_cooking`) VALUES (3, 'qui', 'Inventore qui aut est neque accusamus. Est corporis quisquam aperiam qui alias dolorem. Autem sunt possimus sed qui non.');
INSERT INTO `recipe` (`rp_id`, `rp_name`, `rp_cooking`) VALUES (4, 'voluptatem', 'Eos nobis et nihil ad autem dolores adipisci. Et neque nam voluptatibus qui corrupti fuga. Amet sit mollitia aliquid hic consequuntur rem quidem consequuntur. Iste consequatur animi animi qui non quia expedita similique.');
INSERT INTO `recipe` (`rp_id`, `rp_name`, `rp_cooking`) VALUES (5, 'eum', 'Ullam consequatur soluta molestiae minima. Sint et laboriosam et. Dolores est nemo quia reprehenderit ex exercitationem.');
INSERT INTO `recipe` (`rp_id`, `rp_name`, `rp_cooking`) VALUES (6, 'atque', 'Nobis ex consequuntur mollitia fugit ut. Rem dolores aliquam et culpa accusamus culpa cum. Assumenda aut eos qui et quos. Ex neque rerum libero provident facilis omnis.');
INSERT INTO `recipe` (`rp_id`, `rp_name`, `rp_cooking`) VALUES (7, 'voluptatibus', 'Ratione porro sed repellat praesentium consequatur atque odit doloremque. Culpa voluptatem pariatur fugiat rerum aut eum. Vero aut consectetur repudiandae temporibus in veniam quas. Quis consequatur voluptatem et aut.');
INSERT INTO `recipe` (`rp_id`, `rp_name`, `rp_cooking`) VALUES (8, 'et', 'Praesentium nulla ratione molestias maiores. Consequuntur harum dolores inventore est et molestiae. Voluptatem autem excepturi modi quos adipisci culpa. Voluptate eos perspiciatis dolore aut velit et animi.');
INSERT INTO `recipe` (`rp_id`, `rp_name`, `rp_cooking`) VALUES (9, 'dolor', 'Est dolorum omnis aut temporibus consequuntur repellendus. Reiciendis et sint dolores tempore. Voluptates vero itaque rem. Voluptate non nobis eaque expedita amet illo.');
INSERT INTO `recipe` (`rp_id`, `rp_name`, `rp_cooking`) VALUES (10, 'soluta', 'Quia incidunt velit amet possimus adipisci dolorem voluptatibus. Aut inventore sint repellendus vel dolores aut. Tenetur quis consequatur totam qui et at.');
INSERT INTO `recipe` (`rp_id`, `rp_name`, `rp_cooking`) VALUES (11, 'qui', 'Itaque eum et eum natus vel magnam dignissimos nobis. Aspernatur sed facere nesciunt dolorum. A est illum ex porro voluptate.');
INSERT INTO `recipe` (`rp_id`, `rp_name`, `rp_cooking`) VALUES (12, 'corrupti', 'Aut ducimus sed exercitationem aspernatur veritatis blanditiis eligendi. Architecto quam asperiores aut.');
INSERT INTO `recipe` (`rp_id`, `rp_name`, `rp_cooking`) VALUES (13, 'natus', 'Ab maiores qui commodi fugiat cumque quod hic. Et sed modi enim impedit eaque et ipsam. Quia ut sequi alias a.');
INSERT INTO `recipe` (`rp_id`, `rp_name`, `rp_cooking`) VALUES (14, 'commodi', 'Aut quia rerum dolores modi est est rem. Qui quia sapiente numquam accusantium aut est at. Suscipit soluta aut aut corrupti aliquam et tenetur. Dignissimos et corrupti animi aut.');
INSERT INTO `recipe` (`rp_id`, `rp_name`, `rp_cooking`) VALUES (15, 'autem', 'Et dignissimos sequi dicta qui. Aut vel qui enim assumenda. Voluptatibus qui id voluptatem fuga. Nemo velit est autem maiores aut dicta dicta est.');
INSERT INTO `recipe` (`rp_id`, `rp_name`, `rp_cooking`) VALUES (16, 'et', 'Ipsum quae tempore ratione nihil. Eius beatae laboriosam deleniti cumque facere. Est ratione eius facere doloribus incidunt fugiat. Totam voluptas ducimus sit atque quis alias.');
INSERT INTO `recipe` (`rp_id`, `rp_name`, `rp_cooking`) VALUES (17, 'eum', 'Sit reprehenderit voluptatem nihil qui eos quia rerum. Autem vitae natus praesentium omnis magni molestias in. Laborum asperiores unde consequatur voluptatibus quidem quas. Deserunt aut quam et numquam nostrum vitae.');
INSERT INTO `recipe` (`rp_id`, `rp_name`, `rp_cooking`) VALUES (18, 'at', 'Enim odio provident veniam. Repellendus reiciendis corporis perspiciatis eos dolor. Ducimus voluptatibus commodi veniam in et rem.');
INSERT INTO `recipe` (`rp_id`, `rp_name`, `rp_cooking`) VALUES (19, 'beatae', 'Molestiae voluptas aut iusto eligendi necessitatibus. Vel accusantium voluptas fuga sequi est voluptate quasi. A quibusdam expedita qui sit qui quibusdam quae aut. Sed mollitia labore et saepe porro.');
INSERT INTO `recipe` (`rp_id`, `rp_name`, `rp_cooking`) VALUES (20, 'tenetur', 'Dolorem aspernatur labore in optio blanditiis. Ex odio sed et cum doloremque adipisci deleniti. Explicabo vel et explicabo ut voluptas.');
INSERT INTO `recipe` (`rp_id`, `rp_name`, `rp_cooking`) VALUES (21, 'quis', 'Amet voluptates a ut maxime est ea. Eveniet ratione eos quam consectetur minima. Neque ratione sunt cum fuga quia. Aliquid sed voluptatem odit ipsum.');
INSERT INTO `recipe` (`rp_id`, `rp_name`, `rp_cooking`) VALUES (22, 'ad', 'Qui officiis voluptatem provident. Eum porro tempore cum corrupti.');
INSERT INTO `recipe` (`rp_id`, `rp_name`, `rp_cooking`) VALUES (23, 'et', 'Illum nulla quo rerum. Illum consequatur quod veniam possimus dolores perferendis soluta. Omnis sed commodi est facilis sint.');
INSERT INTO `recipe` (`rp_id`, `rp_name`, `rp_cooking`) VALUES (24, 'nemo', 'Suscipit ut vel error et. Incidunt suscipit aliquam odit iure architecto fugit aut. Debitis quas atque est.');
INSERT INTO `recipe` (`rp_id`, `rp_name`, `rp_cooking`) VALUES (25, 'id', 'Qui consectetur voluptate sit facilis illum consequatur. Rerum laudantium ratione impedit nulla neque. Officiis molestiae aut debitis ex animi praesentium eligendi. Animi soluta aut et error non minima et. Ea voluptatem dolor sunt aut.');
INSERT INTO `recipe` (`rp_id`, `rp_name`, `rp_cooking`) VALUES (26, 'aut', 'Quis laborum aut explicabo tempora recusandae nemo eum eos. Repudiandae sed tempore sint vel et. Sit rerum fuga et aperiam sunt consequatur.');
INSERT INTO `recipe` (`rp_id`, `rp_name`, `rp_cooking`) VALUES (27, 'saepe', 'Mollitia aut quo harum. Nulla reprehenderit earum eius explicabo laboriosam blanditiis ut. Numquam perspiciatis voluptate sunt quibusdam.');
INSERT INTO `recipe` (`rp_id`, `rp_name`, `rp_cooking`) VALUES (28, 'eum', 'Cupiditate suscipit debitis magnam et cupiditate sit et cupiditate. Qui vero aperiam quo beatae harum quas tempore. Sunt qui et natus nesciunt exercitationem temporibus. Expedita alias qui temporibus maxime nihil ad neque.');
INSERT INTO `recipe` (`rp_id`, `rp_name`, `rp_cooking`) VALUES (29, 'adipisci', 'Animi cumque sint est. Sint ut dolorum quasi debitis fuga. Sit necessitatibus nostrum accusantium voluptatem provident est harum. Suscipit dolore placeat illum ea et quos iste.');
INSERT INTO `recipe` (`rp_id`, `rp_name`, `rp_cooking`) VALUES (30, 'quo', 'Dolores fuga corporis nobis aspernatur molestiae aut. Distinctio alias temporibus non eos enim debitis est. Consequatur iusto quaerat voluptatum explicabo.');
INSERT INTO `recipe` (`rp_id`, `rp_name`, `rp_cooking`) VALUES (31, 'vel', 'Et magni similique animi tempora iure accusantium repellendus. Repellat consequuntur molestias molestias illum. Quisquam corporis et quia rem saepe quis est ad.');
INSERT INTO `recipe` (`rp_id`, `rp_name`, `rp_cooking`) VALUES (32, 'quis', 'Maiores molestias iste delectus suscipit et eos. Perferendis dolorem aut a dolorem. Vero occaecati cupiditate quia et.');
INSERT INTO `recipe` (`rp_id`, `rp_name`, `rp_cooking`) VALUES (33, 'nesciunt', 'Assumenda sed beatae expedita tenetur excepturi sapiente et. Omnis officia et eum quia est. Aut neque dolorem qui enim repudiandae autem. Voluptatem qui necessitatibus quia minima voluptatum quidem.');
INSERT INTO `recipe` (`rp_id`, `rp_name`, `rp_cooking`) VALUES (34, 'rerum', 'Provident nam quo eos. Iusto consequuntur assumenda ut exercitationem eligendi. Dolor deserunt quia ab eum omnis. Molestiae dolorum sequi est quia eligendi.');
INSERT INTO `recipe` (`rp_id`, `rp_name`, `rp_cooking`) VALUES (35, 'voluptas', 'Distinctio quo molestias temporibus delectus et eveniet possimus nisi. Consequuntur accusantium a voluptas sed qui architecto. Quo architecto dolorum nostrum et pariatur.');
INSERT INTO `recipe` (`rp_id`, `rp_name`, `rp_cooking`) VALUES (36, 'repellendus', 'Molestiae mollitia corrupti nisi minus odio quos earum aut. Dolores nisi sapiente et blanditiis beatae ratione qui. Molestiae minima et quod dolores. Voluptatem repellendus voluptatum omnis ut et nulla sunt.');
INSERT INTO `recipe` (`rp_id`, `rp_name`, `rp_cooking`) VALUES (37, 'quibusdam', 'Nesciunt omnis impedit dolorum voluptates earum necessitatibus qui. Maxime consequatur necessitatibus doloribus illo. Est autem voluptatum non est. Provident eum non ea molestiae vitae temporibus iusto.');
INSERT INTO `recipe` (`rp_id`, `rp_name`, `rp_cooking`) VALUES (38, 'eum', 'Est ipsam neque dolore voluptate corporis id similique. Dolorum reprehenderit modi totam sit qui totam. Dolores saepe itaque voluptate aut aliquid sed. Consectetur et iusto corrupti velit.');
INSERT INTO `recipe` (`rp_id`, `rp_name`, `rp_cooking`) VALUES (39, 'voluptas', 'Rerum excepturi laborum ipsam neque repellendus omnis fugiat non. Repellat consequatur et unde eveniet. Consequatur possimus qui deserunt repellat autem veniam porro.');
INSERT INTO `recipe` (`rp_id`, `rp_name`, `rp_cooking`) VALUES (40, 'voluptates', 'Incidunt labore iusto esse. Molestias enim sapiente ut exercitationem quia error ratione. Ipsum enim qui in in eligendi est ut vel. Possimus rem voluptatem enim dolorem nihil sint. Fugiat laborum velit nostrum quas dolorem dicta.');
INSERT INTO `recipe` (`rp_id`, `rp_name`, `rp_cooking`) VALUES (41, 'fuga', 'Quibusdam quia ratione quasi. Quaerat hic earum autem repellendus. Expedita nihil exercitationem voluptas temporibus suscipit non ratione. Facere cupiditate perferendis cumque fugiat. Accusamus quaerat a distinctio esse neque atque deleniti nostrum.');
INSERT INTO `recipe` (`rp_id`, `rp_name`, `rp_cooking`) VALUES (42, 'quod', 'Et doloremque omnis libero dolor aperiam dolorum aut. Voluptatem fuga sit aliquam provident voluptas. Laborum dicta libero nemo sed rem minima. Tenetur nam quisquam nihil expedita aut consequatur sit.');
INSERT INTO `recipe` (`rp_id`, `rp_name`, `rp_cooking`) VALUES (43, 'officia', 'Nemo id eum quia necessitatibus cumque quos eaque. Porro corporis iure perspiciatis est.');
INSERT INTO `recipe` (`rp_id`, `rp_name`, `rp_cooking`) VALUES (44, 'odit', 'Fugiat sed cupiditate voluptatem ut consequatur. Vel ut exercitationem delectus eos quo fugit. Laborum aut fuga aut eum ab corporis nihil.');
INSERT INTO `recipe` (`rp_id`, `rp_name`, `rp_cooking`) VALUES (45, 'debitis', 'Et laborum culpa quo dolorum vitae facere ut. Est facilis aspernatur fuga enim. Hic odit similique sit amet qui atque. Et totam non dolores deserunt quidem.');
INSERT INTO `recipe` (`rp_id`, `rp_name`, `rp_cooking`) VALUES (46, 'autem', 'Asperiores minima est ipsa omnis enim vel. Mollitia eum deleniti rerum enim eos tenetur dolor. Iure unde omnis neque.');
INSERT INTO `recipe` (`rp_id`, `rp_name`, `rp_cooking`) VALUES (47, 'in', 'Autem pariatur vero qui qui aut est. Debitis vel in quis at. Incidunt accusantium voluptatum recusandae laboriosam temporibus earum.');
INSERT INTO `recipe` (`rp_id`, `rp_name`, `rp_cooking`) VALUES (48, 'iste', 'Recusandae vero ut et exercitationem. Repellat et dicta amet doloribus nesciunt vel blanditiis. Qui aut maxime laudantium quia. Minus sit perspiciatis eum laborum ut unde.');
INSERT INTO `recipe` (`rp_id`, `rp_name`, `rp_cooking`) VALUES (49, 'ipsam', 'Incidunt incidunt natus possimus eos reprehenderit. Distinctio impedit repellendus libero consequuntur qui. Itaque architecto enim commodi sint iure.');
INSERT INTO `recipe` (`rp_id`, `rp_name`, `rp_cooking`) VALUES (50, 'nostrum', 'Quae numquam eaque porro aliquam et. Quidem non iusto libero et. Blanditiis sit ratione accusantium et voluptatum.');
INSERT INTO `recipe` (`rp_id`, `rp_name`, `rp_cooking`) VALUES (51, 'tenetur', 'Iste ut aut enim aut. Id cupiditate quo ipsa. Quam eaque facere nisi dolor necessitatibus. Sit ipsum quia et eos cum.');
INSERT INTO `recipe` (`rp_id`, `rp_name`, `rp_cooking`) VALUES (52, 'aut', 'Repudiandae voluptatem in corrupti ad. Iusto rerum alias aspernatur qui cumque aut enim. Sed ullam in repellat minima. Sed repudiandae minus ut.');
INSERT INTO `recipe` (`rp_id`, `rp_name`, `rp_cooking`) VALUES (53, 'et', 'Et quam molestiae qui quasi similique ab. Maiores est sint omnis inventore magnam qui.');
INSERT INTO `recipe` (`rp_id`, `rp_name`, `rp_cooking`) VALUES (54, 'adipisci', 'Magnam natus dolor saepe veritatis laborum excepturi aut. Sequi accusamus commodi sit non sed laboriosam dolorem velit. Tenetur sit maxime sapiente tempore rerum. Illo et iure magnam id.');
INSERT INTO `recipe` (`rp_id`, `rp_name`, `rp_cooking`) VALUES (55, 'libero', 'Excepturi placeat iusto omnis nobis est dolores architecto. Hic odit nemo sit quia debitis dicta. Maxime commodi deleniti fugiat voluptate nobis. Corporis et dolores molestias animi.');
INSERT INTO `recipe` (`rp_id`, `rp_name`, `rp_cooking`) VALUES (56, 'sit', 'Vel voluptatem et fugiat nesciunt corrupti reiciendis. Repudiandae quod deleniti laborum eos. Mollitia nostrum rerum voluptate ipsa laborum quia. Non sed suscipit nihil minima consectetur accusamus.');
INSERT INTO `recipe` (`rp_id`, `rp_name`, `rp_cooking`) VALUES (57, 'aliquid', 'Ut vel numquam accusamus sit. Blanditiis minima aut quo accusamus sit nulla.');
INSERT INTO `recipe` (`rp_id`, `rp_name`, `rp_cooking`) VALUES (58, 'qui', 'Adipisci dolor hic aliquam et inventore. Voluptatem eum in aut aliquid. Distinctio quam impedit quis delectus saepe. Sit dolor eaque quisquam.');
INSERT INTO `recipe` (`rp_id`, `rp_name`, `rp_cooking`) VALUES (59, 'harum', 'Tempore enim sunt nisi qui est rerum aspernatur. Velit minima laborum voluptatum dolorem at eius. Consectetur omnis minus sed voluptas beatae deserunt eos. Blanditiis ut dignissimos voluptas error. Labore quo mollitia cumque autem.');
INSERT INTO `recipe` (`rp_id`, `rp_name`, `rp_cooking`) VALUES (60, 'voluptas', 'Cumque quia distinctio sequi quo. Et aperiam assumenda neque sit temporibus quod. Voluptatem voluptatem odit molestias neque unde totam. Aut esse magnam vero odit.');
INSERT INTO `recipe` (`rp_id`, `rp_name`, `rp_cooking`) VALUES (61, 'rerum', 'Vel quod dolorum eum sit. Et voluptatibus et sit eos. Nisi ipsam amet animi.');
INSERT INTO `recipe` (`rp_id`, `rp_name`, `rp_cooking`) VALUES (62, 'unde', 'Laudantium minima sed accusantium. Quod saepe similique facere voluptatum rem consequatur perspiciatis. Fuga sit omnis quo omnis non. Maxime ea placeat odio.');
INSERT INTO `recipe` (`rp_id`, `rp_name`, `rp_cooking`) VALUES (63, 'consequatur', 'Qui temporibus iure consectetur qui dolores incidunt. Cumque voluptatem dolore quam molestiae labore et. Nihil excepturi dolores omnis quia. Nulla minima non autem enim sunt exercitationem voluptate.');
INSERT INTO `recipe` (`rp_id`, `rp_name`, `rp_cooking`) VALUES (64, 'tempora', 'Sint doloribus et sed ut ratione nostrum. Ad est accusamus qui eum. Dolores est voluptates omnis debitis fugiat voluptas culpa quam. Nihil sed est molestiae facere illum et assumenda eaque.');
INSERT INTO `recipe` (`rp_id`, `rp_name`, `rp_cooking`) VALUES (65, 'quasi', 'Culpa sit asperiores facere voluptatem quidem ut. Eos atque dolorem fuga quia sint dignissimos excepturi. Magni tenetur aut ipsa eum in.');
INSERT INTO `recipe` (`rp_id`, `rp_name`, `rp_cooking`) VALUES (66, 'praesentium', 'Omnis aliquam aperiam deserunt qui consequuntur hic. Itaque ab nam dolore cupiditate repellat. Et itaque eius molestiae soluta voluptas autem placeat vel. Et et aspernatur animi minus deserunt alias laboriosam.');
INSERT INTO `recipe` (`rp_id`, `rp_name`, `rp_cooking`) VALUES (67, 'quia', 'Sit accusamus eos voluptas non iste. Voluptas velit dolorem dolorum illo et eligendi ad. Eaque sint omnis odit. Ratione minima et sequi facere laboriosam.');
INSERT INTO `recipe` (`rp_id`, `rp_name`, `rp_cooking`) VALUES (68, 'voluptatem', 'Placeat dolores et consequatur omnis. Nobis voluptas tempora quos eaque magnam odio ab. Soluta maiores repudiandae illo exercitationem. Dolore minus libero quam.');
INSERT INTO `recipe` (`rp_id`, `rp_name`, `rp_cooking`) VALUES (69, 'corrupti', 'Eos deserunt quia consequatur voluptatem nostrum autem. Consequuntur et non soluta corrupti molestiae non. Eum non voluptatibus ut numquam. Vel veritatis fuga omnis molestias possimus magni.');
INSERT INTO `recipe` (`rp_id`, `rp_name`, `rp_cooking`) VALUES (70, 'alias', 'Ea dolore deserunt qui. Exercitationem voluptatem sit libero. Quas ex deserunt aut magnam ipsum omnis laudantium.');
INSERT INTO `recipe` (`rp_id`, `rp_name`, `rp_cooking`) VALUES (71, 'id', 'Minus esse repellendus quaerat voluptatem beatae aut dicta. Sapiente commodi tempora explicabo. Laborum aliquid laborum dolorum aut.');
INSERT INTO `recipe` (`rp_id`, `rp_name`, `rp_cooking`) VALUES (72, 'qui', 'Minus nobis quidem ut est ut molestiae. Modi beatae ea dolorem. Voluptas culpa reiciendis corporis sed.');
INSERT INTO `recipe` (`rp_id`, `rp_name`, `rp_cooking`) VALUES (73, 'est', 'Vel a eum esse suscipit maiores ducimus sit. In sit cumque voluptate assumenda minima qui eius. Animi ipsum tempora non molestiae ullam aut. Excepturi cupiditate omnis exercitationem error.');
INSERT INTO `recipe` (`rp_id`, `rp_name`, `rp_cooking`) VALUES (74, 'qui', 'Exercitationem quos saepe quas repudiandae. Aut ut voluptatem laboriosam. Distinctio in et voluptatem eligendi ratione. Suscipit magnam facilis tenetur aut.');
INSERT INTO `recipe` (`rp_id`, `rp_name`, `rp_cooking`) VALUES (75, 'praesentium', 'Debitis nam tenetur est veniam. Vitae qui eum fugiat assumenda ad. Eum deleniti vel quo voluptatem nobis atque occaecati magni. Quis illum amet in illum.');
INSERT INTO `recipe` (`rp_id`, `rp_name`, `rp_cooking`) VALUES (76, 'sunt', 'Ea quo dolorem alias laborum nostrum. Mollitia quo tempora magnam. Quidem eos odit expedita tempore.');
INSERT INTO `recipe` (`rp_id`, `rp_name`, `rp_cooking`) VALUES (77, 'corrupti', 'Corporis velit repellendus voluptatem necessitatibus ut. Cumque a corrupti sint quisquam aut. Omnis deleniti harum non repellat dolore. Voluptatem possimus qui facilis quo. Porro ipsam quos fugit sunt non non.');
INSERT INTO `recipe` (`rp_id`, `rp_name`, `rp_cooking`) VALUES (78, 'accusamus', 'Commodi itaque ab suscipit minima corporis. Qui consectetur ab ut repudiandae sunt sint et. Occaecati vel officiis et nihil eos qui officiis. Voluptatem vitae itaque atque reprehenderit dolor dolor soluta.');
INSERT INTO `recipe` (`rp_id`, `rp_name`, `rp_cooking`) VALUES (79, 'omnis', 'Aliquam natus mollitia nisi fugit. Nostrum id quibusdam sed sint ipsum ipsum reiciendis. Cum facilis rerum dolor quia occaecati ullam.');
INSERT INTO `recipe` (`rp_id`, `rp_name`, `rp_cooking`) VALUES (80, 'cum', 'Laudantium eveniet sed adipisci ut reiciendis corporis. Non earum ex ipsam reprehenderit commodi sed ut. Hic ipsa tempora id natus enim nisi provident. Dolorem ut quia quis possimus minus.');
INSERT INTO `recipe` (`rp_id`, `rp_name`, `rp_cooking`) VALUES (81, 'in', 'Et porro ipsam commodi id. Corrupti voluptatem et aliquam beatae tenetur sit. Voluptas possimus omnis eum voluptatem in aliquid asperiores.');
INSERT INTO `recipe` (`rp_id`, `rp_name`, `rp_cooking`) VALUES (82, 'cum', 'Quia reprehenderit vel corporis facilis. Sed nemo eos vero facere aut. Totam magni fugit corporis aut accusamus reiciendis et. Libero repudiandae voluptatum qui molestiae qui expedita est voluptatum.');
INSERT INTO `recipe` (`rp_id`, `rp_name`, `rp_cooking`) VALUES (83, 'animi', 'Recusandae sit sit consequuntur dicta qui. Facere nulla tempora et quam. Velit harum totam debitis quia et quam. Sint et porro impedit.');
INSERT INTO `recipe` (`rp_id`, `rp_name`, `rp_cooking`) VALUES (84, 'est', 'Nostrum rerum sint et dolores cupiditate illum. Expedita qui dolorem aut voluptatem vel dolor porro. Illum numquam porro veniam voluptas fuga sed dignissimos. Esse quo cumque esse vel esse non laborum.');
INSERT INTO `recipe` (`rp_id`, `rp_name`, `rp_cooking`) VALUES (85, 'maiores', 'Et tempora ducimus tempore quia consequatur asperiores. Distinctio et qui labore veniam alias. Facilis explicabo consequatur possimus sed quas esse.');
INSERT INTO `recipe` (`rp_id`, `rp_name`, `rp_cooking`) VALUES (86, 'odit', 'Et cum temporibus ullam sed eos consequatur. Cum doloremque maiores quasi consectetur ad dolor soluta provident. Amet iste minus provident. Optio enim et voluptatum omnis.');
INSERT INTO `recipe` (`rp_id`, `rp_name`, `rp_cooking`) VALUES (87, 'eos', 'Voluptas aliquid reprehenderit sequi voluptatem sed vitae aut aliquam. Ea sunt eligendi labore et mollitia. Culpa dolorum non molestias culpa est voluptatem rerum. Earum et et beatae.');
INSERT INTO `recipe` (`rp_id`, `rp_name`, `rp_cooking`) VALUES (88, 'est', 'Dolorum modi ut eveniet corrupti. Aut modi ad voluptatem officiis consequatur neque aut. Corporis consequatur labore ullam ex architecto corporis.');
INSERT INTO `recipe` (`rp_id`, `rp_name`, `rp_cooking`) VALUES (89, 'sint', 'Non placeat totam eligendi voluptatibus cumque. Dignissimos est voluptas enim suscipit placeat quis. Voluptatem porro quos libero omnis ex modi dolores quia. Optio quia blanditiis voluptate aut.');
INSERT INTO `recipe` (`rp_id`, `rp_name`, `rp_cooking`) VALUES (90, 'vitae', 'Sapiente consequuntur ut odio sint. Asperiores quia mollitia doloremque odit optio itaque natus ut. Velit labore modi facere ut tenetur aut. Ratione eveniet facilis error consectetur nesciunt.');
INSERT INTO `recipe` (`rp_id`, `rp_name`, `rp_cooking`) VALUES (91, 'architecto', 'Molestiae voluptatibus ut quis magnam repellendus qui incidunt explicabo. Provident in nulla architecto repudiandae beatae commodi. Illum sit nostrum earum amet et reiciendis.');
INSERT INTO `recipe` (`rp_id`, `rp_name`, `rp_cooking`) VALUES (92, 'error', 'Consectetur dolores consequuntur optio culpa adipisci. Ut eligendi eaque ipsa labore et magnam. Maiores veniam laboriosam excepturi nostrum.');
INSERT INTO `recipe` (`rp_id`, `rp_name`, `rp_cooking`) VALUES (93, 'illo', 'Non quia aut et et perferendis laborum totam ipsa. Cumque quasi delectus sed. Repudiandae non alias sapiente numquam sequi eveniet suscipit. Aut impedit blanditiis ullam et ullam molestiae.');
INSERT INTO `recipe` (`rp_id`, `rp_name`, `rp_cooking`) VALUES (94, 'odit', 'Nam ipsum in porro eum. Laboriosam ad quo ducimus laborum. Eos consectetur nihil et voluptatum nemo. Voluptates enim quis adipisci.');
INSERT INTO `recipe` (`rp_id`, `rp_name`, `rp_cooking`) VALUES (95, 'non', 'Ut delectus laboriosam aspernatur dicta et dolores. Labore et dolorem accusantium quo eius sit. Tempore quis dicta eum eum voluptate debitis sint.');
INSERT INTO `recipe` (`rp_id`, `rp_name`, `rp_cooking`) VALUES (96, 'alias', 'Repudiandae quam perferendis hic deleniti voluptatibus tempore adipisci. Quam voluptates ut quo a sunt porro dolorem officia. Nihil dolores autem error odio velit eos eius. Velit quisquam ut iusto doloribus ut consequatur unde.');
INSERT INTO `recipe` (`rp_id`, `rp_name`, `rp_cooking`) VALUES (97, 'non', 'Voluptas illum impedit corporis consectetur consequatur odio veniam. At aut ab optio tempore quibusdam id. Deleniti molestias ea est iusto tempore.');
INSERT INTO `recipe` (`rp_id`, `rp_name`, `rp_cooking`) VALUES (98, 'magni', 'Beatae distinctio et sed nisi ea iste architecto. Architecto sint rerum quis consequatur ratione doloribus quae ut.');
INSERT INTO `recipe` (`rp_id`, `rp_name`, `rp_cooking`) VALUES (99, 'a', 'Velit est impedit a necessitatibus. Ipsa voluptates id iste cum pariatur ut. Quia ducimus praesentium iure non dolorum voluptas.');
INSERT INTO `recipe` (`rp_id`, `rp_name`, `rp_cooking`) VALUES (100, 'minima', 'Recusandae amet autem voluptas qui aut. Aut facere iure tempora et. Adipisci voluptatem sit blanditiis est deleniti voluptatum veniam.');


#
# TABLE STRUCTURE FOR: recipe_has_product
#


INSERT INTO `recipe_has_product` (`product_pr_id`, `recipe_rp_id`, `amount`) VALUES (1, 1, 93);
INSERT INTO `recipe_has_product` (`product_pr_id`, `recipe_rp_id`, `amount`) VALUES (2, 2, 95);
INSERT INTO `recipe_has_product` (`product_pr_id`, `recipe_rp_id`, `amount`) VALUES (3, 3, 18);
INSERT INTO `recipe_has_product` (`product_pr_id`, `recipe_rp_id`, `amount`) VALUES (4, 4, 18);
INSERT INTO `recipe_has_product` (`product_pr_id`, `recipe_rp_id`, `amount`) VALUES (5, 5, 99);
INSERT INTO `recipe_has_product` (`product_pr_id`, `recipe_rp_id`, `amount`) VALUES (6, 6, 4);
INSERT INTO `recipe_has_product` (`product_pr_id`, `recipe_rp_id`, `amount`) VALUES (7, 7, 45);
INSERT INTO `recipe_has_product` (`product_pr_id`, `recipe_rp_id`, `amount`) VALUES (8, 8, 0);
INSERT INTO `recipe_has_product` (`product_pr_id`, `recipe_rp_id`, `amount`) VALUES (9, 9, 0);
INSERT INTO `recipe_has_product` (`product_pr_id`, `recipe_rp_id`, `amount`) VALUES (10, 10, 0);
INSERT INTO `recipe_has_product` (`product_pr_id`, `recipe_rp_id`, `amount`) VALUES (11, 11, 37);
INSERT INTO `recipe_has_product` (`product_pr_id`, `recipe_rp_id`, `amount`) VALUES (12, 12, 24);
INSERT INTO `recipe_has_product` (`product_pr_id`, `recipe_rp_id`, `amount`) VALUES (13, 13, 44);
INSERT INTO `recipe_has_product` (`product_pr_id`, `recipe_rp_id`, `amount`) VALUES (14, 14, 29);
INSERT INTO `recipe_has_product` (`product_pr_id`, `recipe_rp_id`, `amount`) VALUES (15, 15, 83);
INSERT INTO `recipe_has_product` (`product_pr_id`, `recipe_rp_id`, `amount`) VALUES (16, 16, 50);
INSERT INTO `recipe_has_product` (`product_pr_id`, `recipe_rp_id`, `amount`) VALUES (17, 17, 14);
INSERT INTO `recipe_has_product` (`product_pr_id`, `recipe_rp_id`, `amount`) VALUES (18, 18, 98);
INSERT INTO `recipe_has_product` (`product_pr_id`, `recipe_rp_id`, `amount`) VALUES (19, 19, 16);
INSERT INTO `recipe_has_product` (`product_pr_id`, `recipe_rp_id`, `amount`) VALUES (20, 20, 75);
INSERT INTO `recipe_has_product` (`product_pr_id`, `recipe_rp_id`, `amount`) VALUES (21, 21, 110);
INSERT INTO `recipe_has_product` (`product_pr_id`, `recipe_rp_id`, `amount`) VALUES (22, 22, 0);
INSERT INTO `recipe_has_product` (`product_pr_id`, `recipe_rp_id`, `amount`) VALUES (23, 23, 35);
INSERT INTO `recipe_has_product` (`product_pr_id`, `recipe_rp_id`, `amount`) VALUES (24, 24, 0);
INSERT INTO `recipe_has_product` (`product_pr_id`, `recipe_rp_id`, `amount`) VALUES (25, 25, 94);
INSERT INTO `recipe_has_product` (`product_pr_id`, `recipe_rp_id`, `amount`) VALUES (26, 26, 18);
INSERT INTO `recipe_has_product` (`product_pr_id`, `recipe_rp_id`, `amount`) VALUES (27, 27, 60);
INSERT INTO `recipe_has_product` (`product_pr_id`, `recipe_rp_id`, `amount`) VALUES (28, 28, 34);
INSERT INTO `recipe_has_product` (`product_pr_id`, `recipe_rp_id`, `amount`) VALUES (29, 29, 0);
INSERT INTO `recipe_has_product` (`product_pr_id`, `recipe_rp_id`, `amount`) VALUES (30, 30, 15);
INSERT INTO `recipe_has_product` (`product_pr_id`, `recipe_rp_id`, `amount`) VALUES (31, 31, 0);
INSERT INTO `recipe_has_product` (`product_pr_id`, `recipe_rp_id`, `amount`) VALUES (32, 32, 74);
INSERT INTO `recipe_has_product` (`product_pr_id`, `recipe_rp_id`, `amount`) VALUES (33, 33, 77);
INSERT INTO `recipe_has_product` (`product_pr_id`, `recipe_rp_id`, `amount`) VALUES (34, 34, 28);
INSERT INTO `recipe_has_product` (`product_pr_id`, `recipe_rp_id`, `amount`) VALUES (35, 35, 24);
INSERT INTO `recipe_has_product` (`product_pr_id`, `recipe_rp_id`, `amount`) VALUES (36, 36, 2);
INSERT INTO `recipe_has_product` (`product_pr_id`, `recipe_rp_id`, `amount`) VALUES (37, 37, 16);
INSERT INTO `recipe_has_product` (`product_pr_id`, `recipe_rp_id`, `amount`) VALUES (38, 38, 22);
INSERT INTO `recipe_has_product` (`product_pr_id`, `recipe_rp_id`, `amount`) VALUES (39, 39, 0);
INSERT INTO `recipe_has_product` (`product_pr_id`, `recipe_rp_id`, `amount`) VALUES (40, 40, 1);
INSERT INTO `recipe_has_product` (`product_pr_id`, `recipe_rp_id`, `amount`) VALUES (41, 41, 106);
INSERT INTO `recipe_has_product` (`product_pr_id`, `recipe_rp_id`, `amount`) VALUES (42, 42, 3);
INSERT INTO `recipe_has_product` (`product_pr_id`, `recipe_rp_id`, `amount`) VALUES (43, 43, 14);
INSERT INTO `recipe_has_product` (`product_pr_id`, `recipe_rp_id`, `amount`) VALUES (44, 44, 20);
INSERT INTO `recipe_has_product` (`product_pr_id`, `recipe_rp_id`, `amount`) VALUES (45, 45, 82);
INSERT INTO `recipe_has_product` (`product_pr_id`, `recipe_rp_id`, `amount`) VALUES (46, 46, 10);
INSERT INTO `recipe_has_product` (`product_pr_id`, `recipe_rp_id`, `amount`) VALUES (47, 47, 17);
INSERT INTO `recipe_has_product` (`product_pr_id`, `recipe_rp_id`, `amount`) VALUES (48, 48, 1);
INSERT INTO `recipe_has_product` (`product_pr_id`, `recipe_rp_id`, `amount`) VALUES (49, 49, 3);
INSERT INTO `recipe_has_product` (`product_pr_id`, `recipe_rp_id`, `amount`) VALUES (50, 50, 9);
INSERT INTO `recipe_has_product` (`product_pr_id`, `recipe_rp_id`, `amount`) VALUES (51, 51, 17);
INSERT INTO `recipe_has_product` (`product_pr_id`, `recipe_rp_id`, `amount`) VALUES (52, 52, 0);
INSERT INTO `recipe_has_product` (`product_pr_id`, `recipe_rp_id`, `amount`) VALUES (53, 53, 0);
INSERT INTO `recipe_has_product` (`product_pr_id`, `recipe_rp_id`, `amount`) VALUES (54, 54, 6);
INSERT INTO `recipe_has_product` (`product_pr_id`, `recipe_rp_id`, `amount`) VALUES (55, 55, 125);
INSERT INTO `recipe_has_product` (`product_pr_id`, `recipe_rp_id`, `amount`) VALUES (56, 56, 0);
INSERT INTO `recipe_has_product` (`product_pr_id`, `recipe_rp_id`, `amount`) VALUES (57, 57, 0);
INSERT INTO `recipe_has_product` (`product_pr_id`, `recipe_rp_id`, `amount`) VALUES (58, 58, 15);
INSERT INTO `recipe_has_product` (`product_pr_id`, `recipe_rp_id`, `amount`) VALUES (59, 59, 19);
INSERT INTO `recipe_has_product` (`product_pr_id`, `recipe_rp_id`, `amount`) VALUES (60, 60, 111);
INSERT INTO `recipe_has_product` (`product_pr_id`, `recipe_rp_id`, `amount`) VALUES (61, 61, 45);
INSERT INTO `recipe_has_product` (`product_pr_id`, `recipe_rp_id`, `amount`) VALUES (62, 62, 37);
INSERT INTO `recipe_has_product` (`product_pr_id`, `recipe_rp_id`, `amount`) VALUES (63, 63, 9);
INSERT INTO `recipe_has_product` (`product_pr_id`, `recipe_rp_id`, `amount`) VALUES (64, 64, 12);
INSERT INTO `recipe_has_product` (`product_pr_id`, `recipe_rp_id`, `amount`) VALUES (65, 65, 40);
INSERT INTO `recipe_has_product` (`product_pr_id`, `recipe_rp_id`, `amount`) VALUES (66, 66, 32);
INSERT INTO `recipe_has_product` (`product_pr_id`, `recipe_rp_id`, `amount`) VALUES (67, 67, 31);
INSERT INTO `recipe_has_product` (`product_pr_id`, `recipe_rp_id`, `amount`) VALUES (68, 68, 15);
INSERT INTO `recipe_has_product` (`product_pr_id`, `recipe_rp_id`, `amount`) VALUES (69, 69, 51);
INSERT INTO `recipe_has_product` (`product_pr_id`, `recipe_rp_id`, `amount`) VALUES (70, 70, 2);
INSERT INTO `recipe_has_product` (`product_pr_id`, `recipe_rp_id`, `amount`) VALUES (71, 71, 92);
INSERT INTO `recipe_has_product` (`product_pr_id`, `recipe_rp_id`, `amount`) VALUES (72, 72, 0);
INSERT INTO `recipe_has_product` (`product_pr_id`, `recipe_rp_id`, `amount`) VALUES (73, 73, 109);
INSERT INTO `recipe_has_product` (`product_pr_id`, `recipe_rp_id`, `amount`) VALUES (74, 74, 22);
INSERT INTO `recipe_has_product` (`product_pr_id`, `recipe_rp_id`, `amount`) VALUES (75, 75, 61);
INSERT INTO `recipe_has_product` (`product_pr_id`, `recipe_rp_id`, `amount`) VALUES (76, 76, 0);
INSERT INTO `recipe_has_product` (`product_pr_id`, `recipe_rp_id`, `amount`) VALUES (77, 77, 24);
INSERT INTO `recipe_has_product` (`product_pr_id`, `recipe_rp_id`, `amount`) VALUES (78, 78, 0);
INSERT INTO `recipe_has_product` (`product_pr_id`, `recipe_rp_id`, `amount`) VALUES (79, 79, 23);
INSERT INTO `recipe_has_product` (`product_pr_id`, `recipe_rp_id`, `amount`) VALUES (80, 80, 56);
INSERT INTO `recipe_has_product` (`product_pr_id`, `recipe_rp_id`, `amount`) VALUES (81, 81, 39);
INSERT INTO `recipe_has_product` (`product_pr_id`, `recipe_rp_id`, `amount`) VALUES (82, 82, 89);
INSERT INTO `recipe_has_product` (`product_pr_id`, `recipe_rp_id`, `amount`) VALUES (83, 83, 40);
INSERT INTO `recipe_has_product` (`product_pr_id`, `recipe_rp_id`, `amount`) VALUES (84, 84, 88);
INSERT INTO `recipe_has_product` (`product_pr_id`, `recipe_rp_id`, `amount`) VALUES (85, 85, 29);
INSERT INTO `recipe_has_product` (`product_pr_id`, `recipe_rp_id`, `amount`) VALUES (86, 86, 58);
INSERT INTO `recipe_has_product` (`product_pr_id`, `recipe_rp_id`, `amount`) VALUES (87, 87, 58);
INSERT INTO `recipe_has_product` (`product_pr_id`, `recipe_rp_id`, `amount`) VALUES (88, 88, 78);
INSERT INTO `recipe_has_product` (`product_pr_id`, `recipe_rp_id`, `amount`) VALUES (89, 89, 96);
INSERT INTO `recipe_has_product` (`product_pr_id`, `recipe_rp_id`, `amount`) VALUES (90, 90, 27);
INSERT INTO `recipe_has_product` (`product_pr_id`, `recipe_rp_id`, `amount`) VALUES (91, 91, 11);
INSERT INTO `recipe_has_product` (`product_pr_id`, `recipe_rp_id`, `amount`) VALUES (92, 92, 85);
INSERT INTO `recipe_has_product` (`product_pr_id`, `recipe_rp_id`, `amount`) VALUES (93, 93, 41);
INSERT INTO `recipe_has_product` (`product_pr_id`, `recipe_rp_id`, `amount`) VALUES (94, 94, 38);
INSERT INTO `recipe_has_product` (`product_pr_id`, `recipe_rp_id`, `amount`) VALUES (95, 95, 0);
INSERT INTO `recipe_has_product` (`product_pr_id`, `recipe_rp_id`, `amount`) VALUES (96, 96, 61);
INSERT INTO `recipe_has_product` (`product_pr_id`, `recipe_rp_id`, `amount`) VALUES (97, 97, 83);
INSERT INTO `recipe_has_product` (`product_pr_id`, `recipe_rp_id`, `amount`) VALUES (98, 98, 13);
INSERT INTO `recipe_has_product` (`product_pr_id`, `recipe_rp_id`, `amount`) VALUES (99, 99, 81);
INSERT INTO `recipe_has_product` (`product_pr_id`, `recipe_rp_id`, `amount`) VALUES (100, 100, 7);


#
# TABLE STRUCTURE FOR: shop_list
#


INSERT INTO `shop_list` (`lst_id`, `product_pr_id`, `lst_amount`, `lst_date`, `lst_bought`) VALUES (1, 1, 0, '1997-12-20', 1);
INSERT INTO `shop_list` (`lst_id`, `product_pr_id`, `lst_amount`, `lst_date`, `lst_bought`) VALUES (2, 2, 35, '1971-06-02', 0);
INSERT INTO `shop_list` (`lst_id`, `product_pr_id`, `lst_amount`, `lst_date`, `lst_bought`) VALUES (3, 3, 44, '1978-04-07', 0);
INSERT INTO `shop_list` (`lst_id`, `product_pr_id`, `lst_amount`, `lst_date`, `lst_bought`) VALUES (4, 4, 37, '2022-03-30', 0);
INSERT INTO `shop_list` (`lst_id`, `product_pr_id`, `lst_amount`, `lst_date`, `lst_bought`) VALUES (5, 5, 12, '1976-08-16', 1);
INSERT INTO `shop_list` (`lst_id`, `product_pr_id`, `lst_amount`, `lst_date`, `lst_bought`) VALUES (6, 6, 94, '2003-05-15', 0);
INSERT INTO `shop_list` (`lst_id`, `product_pr_id`, `lst_amount`, `lst_date`, `lst_bought`) VALUES (7, 7, 20, '1998-05-24', 0);
INSERT INTO `shop_list` (`lst_id`, `product_pr_id`, `lst_amount`, `lst_date`, `lst_bought`) VALUES (8, 8, 0, '1975-12-29', 1);
INSERT INTO `shop_list` (`lst_id`, `product_pr_id`, `lst_amount`, `lst_date`, `lst_bought`) VALUES (9, 9, 22, '1977-10-08', 0);
INSERT INTO `shop_list` (`lst_id`, `product_pr_id`, `lst_amount`, `lst_date`, `lst_bought`) VALUES (10, 10, 16, '2020-08-17', 1);
INSERT INTO `shop_list` (`lst_id`, `product_pr_id`, `lst_amount`, `lst_date`, `lst_bought`) VALUES (11, 11, 31, '2012-03-19', 0);
INSERT INTO `shop_list` (`lst_id`, `product_pr_id`, `lst_amount`, `lst_date`, `lst_bought`) VALUES (12, 12, 0, '1997-05-10', 0);
INSERT INTO `shop_list` (`lst_id`, `product_pr_id`, `lst_amount`, `lst_date`, `lst_bought`) VALUES (13, 13, 43, '1976-05-31', 1);
INSERT INTO `shop_list` (`lst_id`, `product_pr_id`, `lst_amount`, `lst_date`, `lst_bought`) VALUES (14, 14, 27, '2021-01-05', 0);
INSERT INTO `shop_list` (`lst_id`, `product_pr_id`, `lst_amount`, `lst_date`, `lst_bought`) VALUES (15, 15, 12, '1998-01-09', 1);
INSERT INTO `shop_list` (`lst_id`, `product_pr_id`, `lst_amount`, `lst_date`, `lst_bought`) VALUES (16, 16, 41, '1979-01-23', 0);
INSERT INTO `shop_list` (`lst_id`, `product_pr_id`, `lst_amount`, `lst_date`, `lst_bought`) VALUES (17, 17, 0, '2010-08-11', 1);
INSERT INTO `shop_list` (`lst_id`, `product_pr_id`, `lst_amount`, `lst_date`, `lst_bought`) VALUES (18, 18, 20, '1993-10-01', 0);
INSERT INTO `shop_list` (`lst_id`, `product_pr_id`, `lst_amount`, `lst_date`, `lst_bought`) VALUES (19, 19, 2, '2018-01-28', 1);
INSERT INTO `shop_list` (`lst_id`, `product_pr_id`, `lst_amount`, `lst_date`, `lst_bought`) VALUES (20, 20, 75, '2013-04-03', 1);
INSERT INTO `shop_list` (`lst_id`, `product_pr_id`, `lst_amount`, `lst_date`, `lst_bought`) VALUES (21, 21, 75, '1973-10-07', 0);
INSERT INTO `shop_list` (`lst_id`, `product_pr_id`, `lst_amount`, `lst_date`, `lst_bought`) VALUES (22, 22, 35, '2016-01-31', 1);
INSERT INTO `shop_list` (`lst_id`, `product_pr_id`, `lst_amount`, `lst_date`, `lst_bought`) VALUES (23, 23, 0, '1999-03-02', 1);
INSERT INTO `shop_list` (`lst_id`, `product_pr_id`, `lst_amount`, `lst_date`, `lst_bought`) VALUES (24, 24, 96, '1977-04-30', 1);
INSERT INTO `shop_list` (`lst_id`, `product_pr_id`, `lst_amount`, `lst_date`, `lst_bought`) VALUES (25, 25, 0, '2018-04-20', 1);
INSERT INTO `shop_list` (`lst_id`, `product_pr_id`, `lst_amount`, `lst_date`, `lst_bought`) VALUES (26, 26, 12, '1973-01-20', 1);
INSERT INTO `shop_list` (`lst_id`, `product_pr_id`, `lst_amount`, `lst_date`, `lst_bought`) VALUES (27, 27, 45, '1988-02-18', 1);
INSERT INTO `shop_list` (`lst_id`, `product_pr_id`, `lst_amount`, `lst_date`, `lst_bought`) VALUES (28, 28, 0, '1983-08-15', 0);
INSERT INTO `shop_list` (`lst_id`, `product_pr_id`, `lst_amount`, `lst_date`, `lst_bought`) VALUES (29, 29, 26, '2005-05-24', 0);
INSERT INTO `shop_list` (`lst_id`, `product_pr_id`, `lst_amount`, `lst_date`, `lst_bought`) VALUES (30, 30, 28, '2001-10-25', 0);
INSERT INTO `shop_list` (`lst_id`, `product_pr_id`, `lst_amount`, `lst_date`, `lst_bought`) VALUES (31, 31, 16, '1992-04-25', 0);
INSERT INTO `shop_list` (`lst_id`, `product_pr_id`, `lst_amount`, `lst_date`, `lst_bought`) VALUES (32, 32, 35, '1993-02-25', 0);
INSERT INTO `shop_list` (`lst_id`, `product_pr_id`, `lst_amount`, `lst_date`, `lst_bought`) VALUES (33, 33, 36, '2004-12-23', 1);
INSERT INTO `shop_list` (`lst_id`, `product_pr_id`, `lst_amount`, `lst_date`, `lst_bought`) VALUES (34, 34, 64, '2013-10-28', 1);
INSERT INTO `shop_list` (`lst_id`, `product_pr_id`, `lst_amount`, `lst_date`, `lst_bought`) VALUES (35, 35, 33, '1989-03-07', 0);
INSERT INTO `shop_list` (`lst_id`, `product_pr_id`, `lst_amount`, `lst_date`, `lst_bought`) VALUES (36, 36, 42, '2020-08-20', 0);
INSERT INTO `shop_list` (`lst_id`, `product_pr_id`, `lst_amount`, `lst_date`, `lst_bought`) VALUES (37, 37, 0, '1985-01-07', 0);
INSERT INTO `shop_list` (`lst_id`, `product_pr_id`, `lst_amount`, `lst_date`, `lst_bought`) VALUES (38, 38, 39, '2004-10-01', 0);
INSERT INTO `shop_list` (`lst_id`, `product_pr_id`, `lst_amount`, `lst_date`, `lst_bought`) VALUES (39, 39, 43, '1970-09-21', 0);
INSERT INTO `shop_list` (`lst_id`, `product_pr_id`, `lst_amount`, `lst_date`, `lst_bought`) VALUES (40, 40, 48, '1988-11-13', 1);
INSERT INTO `shop_list` (`lst_id`, `product_pr_id`, `lst_amount`, `lst_date`, `lst_bought`) VALUES (41, 41, 5, '1977-09-12', 1);
INSERT INTO `shop_list` (`lst_id`, `product_pr_id`, `lst_amount`, `lst_date`, `lst_bought`) VALUES (42, 42, 51, '1985-06-22', 1);
INSERT INTO `shop_list` (`lst_id`, `product_pr_id`, `lst_amount`, `lst_date`, `lst_bought`) VALUES (43, 43, 24, '1982-01-30', 0);
INSERT INTO `shop_list` (`lst_id`, `product_pr_id`, `lst_amount`, `lst_date`, `lst_bought`) VALUES (44, 44, 11, '2020-11-01', 0);
INSERT INTO `shop_list` (`lst_id`, `product_pr_id`, `lst_amount`, `lst_date`, `lst_bought`) VALUES (45, 45, 48, '1975-01-08', 0);
INSERT INTO `shop_list` (`lst_id`, `product_pr_id`, `lst_amount`, `lst_date`, `lst_bought`) VALUES (46, 46, 85, '1991-09-21', 1);
INSERT INTO `shop_list` (`lst_id`, `product_pr_id`, `lst_amount`, `lst_date`, `lst_bought`) VALUES (47, 47, 75, '1980-05-02', 1);
INSERT INTO `shop_list` (`lst_id`, `product_pr_id`, `lst_amount`, `lst_date`, `lst_bought`) VALUES (48, 48, 12, '1981-08-21', 0);
INSERT INTO `shop_list` (`lst_id`, `product_pr_id`, `lst_amount`, `lst_date`, `lst_bought`) VALUES (49, 49, 88, '1973-04-04', 0);
INSERT INTO `shop_list` (`lst_id`, `product_pr_id`, `lst_amount`, `lst_date`, `lst_bought`) VALUES (50, 50, 15, '1993-05-02', 1);
INSERT INTO `shop_list` (`lst_id`, `product_pr_id`, `lst_amount`, `lst_date`, `lst_bought`) VALUES (51, 51, 22, '1983-08-27', 0);
INSERT INTO `shop_list` (`lst_id`, `product_pr_id`, `lst_amount`, `lst_date`, `lst_bought`) VALUES (52, 52, 1, '2004-02-12', 1);
INSERT INTO `shop_list` (`lst_id`, `product_pr_id`, `lst_amount`, `lst_date`, `lst_bought`) VALUES (53, 53, 20, '2006-09-16', 0);
INSERT INTO `shop_list` (`lst_id`, `product_pr_id`, `lst_amount`, `lst_date`, `lst_bought`) VALUES (54, 54, 37, '2014-10-19', 0);
INSERT INTO `shop_list` (`lst_id`, `product_pr_id`, `lst_amount`, `lst_date`, `lst_bought`) VALUES (55, 55, 15, '2013-03-05', 0);
INSERT INTO `shop_list` (`lst_id`, `product_pr_id`, `lst_amount`, `lst_date`, `lst_bought`) VALUES (56, 56, 100, '1975-08-09', 0);
INSERT INTO `shop_list` (`lst_id`, `product_pr_id`, `lst_amount`, `lst_date`, `lst_bought`) VALUES (57, 57, 30, '2019-12-17', 0);
INSERT INTO `shop_list` (`lst_id`, `product_pr_id`, `lst_amount`, `lst_date`, `lst_bought`) VALUES (58, 58, 15, '2016-03-21', 1);
INSERT INTO `shop_list` (`lst_id`, `product_pr_id`, `lst_amount`, `lst_date`, `lst_bought`) VALUES (59, 59, 12, '2007-08-24', 1);
INSERT INTO `shop_list` (`lst_id`, `product_pr_id`, `lst_amount`, `lst_date`, `lst_bought`) VALUES (60, 60, 23, '1986-04-18', 1);
INSERT INTO `shop_list` (`lst_id`, `product_pr_id`, `lst_amount`, `lst_date`, `lst_bought`) VALUES (61, 61, 27, '1987-06-28', 1);
INSERT INTO `shop_list` (`lst_id`, `product_pr_id`, `lst_amount`, `lst_date`, `lst_bought`) VALUES (62, 62, 0, '1972-07-29', 1);
INSERT INTO `shop_list` (`lst_id`, `product_pr_id`, `lst_amount`, `lst_date`, `lst_bought`) VALUES (63, 63, 38, '2000-07-09', 1);
INSERT INTO `shop_list` (`lst_id`, `product_pr_id`, `lst_amount`, `lst_date`, `lst_bought`) VALUES (64, 64, 15, '2004-01-01', 0);
INSERT INTO `shop_list` (`lst_id`, `product_pr_id`, `lst_amount`, `lst_date`, `lst_bought`) VALUES (65, 65, 91, '2020-11-19', 1);
INSERT INTO `shop_list` (`lst_id`, `product_pr_id`, `lst_amount`, `lst_date`, `lst_bought`) VALUES (66, 66, 1, '1993-12-13', 1);
INSERT INTO `shop_list` (`lst_id`, `product_pr_id`, `lst_amount`, `lst_date`, `lst_bought`) VALUES (67, 67, 28, '1992-11-22', 1);
INSERT INTO `shop_list` (`lst_id`, `product_pr_id`, `lst_amount`, `lst_date`, `lst_bought`) VALUES (68, 68, 95, '2004-05-15', 0);
INSERT INTO `shop_list` (`lst_id`, `product_pr_id`, `lst_amount`, `lst_date`, `lst_bought`) VALUES (69, 69, 24, '2016-01-02', 1);
INSERT INTO `shop_list` (`lst_id`, `product_pr_id`, `lst_amount`, `lst_date`, `lst_bought`) VALUES (70, 70, 60, '2008-10-16', 1);
INSERT INTO `shop_list` (`lst_id`, `product_pr_id`, `lst_amount`, `lst_date`, `lst_bought`) VALUES (71, 71, 18, '2017-05-10', 0);
INSERT INTO `shop_list` (`lst_id`, `product_pr_id`, `lst_amount`, `lst_date`, `lst_bought`) VALUES (72, 72, 99, '2006-09-06', 1);
INSERT INTO `shop_list` (`lst_id`, `product_pr_id`, `lst_amount`, `lst_date`, `lst_bought`) VALUES (73, 73, 0, '1990-05-06', 0);
INSERT INTO `shop_list` (`lst_id`, `product_pr_id`, `lst_amount`, `lst_date`, `lst_bought`) VALUES (74, 74, 12, '2016-08-02', 0);
INSERT INTO `shop_list` (`lst_id`, `product_pr_id`, `lst_amount`, `lst_date`, `lst_bought`) VALUES (75, 75, 38, '1988-08-09', 0);
INSERT INTO `shop_list` (`lst_id`, `product_pr_id`, `lst_amount`, `lst_date`, `lst_bought`) VALUES (76, 76, 68, '1995-10-08', 1);
INSERT INTO `shop_list` (`lst_id`, `product_pr_id`, `lst_amount`, `lst_date`, `lst_bought`) VALUES (77, 77, 34, '2015-01-02', 0);
INSERT INTO `shop_list` (`lst_id`, `product_pr_id`, `lst_amount`, `lst_date`, `lst_bought`) VALUES (78, 78, 39, '1977-04-16', 0);
INSERT INTO `shop_list` (`lst_id`, `product_pr_id`, `lst_amount`, `lst_date`, `lst_bought`) VALUES (79, 79, 45, '2019-06-01', 1);
INSERT INTO `shop_list` (`lst_id`, `product_pr_id`, `lst_amount`, `lst_date`, `lst_bought`) VALUES (80, 80, 15, '2000-07-13', 0);
INSERT INTO `shop_list` (`lst_id`, `product_pr_id`, `lst_amount`, `lst_date`, `lst_bought`) VALUES (81, 81, 16, '2018-09-05', 0);
INSERT INTO `shop_list` (`lst_id`, `product_pr_id`, `lst_amount`, `lst_date`, `lst_bought`) VALUES (82, 82, 88, '1981-06-30', 1);
INSERT INTO `shop_list` (`lst_id`, `product_pr_id`, `lst_amount`, `lst_date`, `lst_bought`) VALUES (83, 83, 15, '2019-07-13', 1);
INSERT INTO `shop_list` (`lst_id`, `product_pr_id`, `lst_amount`, `lst_date`, `lst_bought`) VALUES (84, 84, 3, '2001-11-13', 0);
INSERT INTO `shop_list` (`lst_id`, `product_pr_id`, `lst_amount`, `lst_date`, `lst_bought`) VALUES (85, 85, 15, '2021-11-07', 0);
INSERT INTO `shop_list` (`lst_id`, `product_pr_id`, `lst_amount`, `lst_date`, `lst_bought`) VALUES (86, 86, 4, '2016-10-23', 0);
INSERT INTO `shop_list` (`lst_id`, `product_pr_id`, `lst_amount`, `lst_date`, `lst_bought`) VALUES (87, 87, 16, '1984-12-02', 1);
INSERT INTO `shop_list` (`lst_id`, `product_pr_id`, `lst_amount`, `lst_date`, `lst_bought`) VALUES (88, 88, 52, '1991-11-03', 0);
INSERT INTO `shop_list` (`lst_id`, `product_pr_id`, `lst_amount`, `lst_date`, `lst_bought`) VALUES (89, 89, 48, '1985-03-17', 1);
INSERT INTO `shop_list` (`lst_id`, `product_pr_id`, `lst_amount`, `lst_date`, `lst_bought`) VALUES (90, 90, 43, '2015-09-05', 0);
INSERT INTO `shop_list` (`lst_id`, `product_pr_id`, `lst_amount`, `lst_date`, `lst_bought`) VALUES (91, 91, 39, '1980-11-22', 0);
INSERT INTO `shop_list` (`lst_id`, `product_pr_id`, `lst_amount`, `lst_date`, `lst_bought`) VALUES (92, 92, 43, '2016-04-09', 0);
INSERT INTO `shop_list` (`lst_id`, `product_pr_id`, `lst_amount`, `lst_date`, `lst_bought`) VALUES (93, 93, 6, '2005-02-03', 0);
INSERT INTO `shop_list` (`lst_id`, `product_pr_id`, `lst_amount`, `lst_date`, `lst_bought`) VALUES (94, 94, 45, '1974-12-01', 1);
INSERT INTO `shop_list` (`lst_id`, `product_pr_id`, `lst_amount`, `lst_date`, `lst_bought`) VALUES (95, 95, 2, '1974-04-10', 1);
INSERT INTO `shop_list` (`lst_id`, `product_pr_id`, `lst_amount`, `lst_date`, `lst_bought`) VALUES (96, 96, 66, '1970-06-26', 1);
INSERT INTO `shop_list` (`lst_id`, `product_pr_id`, `lst_amount`, `lst_date`, `lst_bought`) VALUES (97, 97, 7, '2008-06-16', 1);
INSERT INTO `shop_list` (`lst_id`, `product_pr_id`, `lst_amount`, `lst_date`, `lst_bought`) VALUES (98, 98, 29, '1980-09-11', 1);
INSERT INTO `shop_list` (`lst_id`, `product_pr_id`, `lst_amount`, `lst_date`, `lst_bought`) VALUES (99, 99, 0, '1983-09-09', 0);
INSERT INTO `shop_list` (`lst_id`, `product_pr_id`, `lst_amount`, `lst_date`, `lst_bought`) VALUES (100, 100, 34, '2019-10-08', 1);


#
# TABLE STRUCTURE FOR: meal
#


INSERT INTO `meal` (`ml_id`, `recipe_rp_id`, `ml_name`, `ml_description`) VALUES (1, 1, 'temporibus', 'Nulla esse vitae quo. Natus et maxime aut maxime architecto quia non. Dolores quod explicabo consequatur repellat. Error alias perferendis incidunt itaque.');
INSERT INTO `meal` (`ml_id`, `recipe_rp_id`, `ml_name`, `ml_description`) VALUES (2, 2, 'architecto', 'Vero sequi omnis cum natus ut. Non dolorem ut pariatur similique. Facere velit vero placeat doloribus voluptas.');
INSERT INTO `meal` (`ml_id`, `recipe_rp_id`, `ml_name`, `ml_description`) VALUES (3, 3, 'voluptate', 'Mollitia corrupti quas deleniti hic. Quisquam est sunt voluptatem quod eos. In sapiente quia amet at ut reprehenderit debitis. Et explicabo qui similique.');
INSERT INTO `meal` (`ml_id`, `recipe_rp_id`, `ml_name`, `ml_description`) VALUES (4, 4, 'rerum', 'Veritatis occaecati ex pariatur cumque consequatur. Explicabo ut voluptatum ad culpa. Corrupti vero qui sapiente et impedit. Iste soluta voluptatem quis nulla aut.');
INSERT INTO `meal` (`ml_id`, `recipe_rp_id`, `ml_name`, `ml_description`) VALUES (5, 5, 'quia', 'Omnis earum ullam reprehenderit ut aliquid et eos dolores. Labore dolore eum facere labore. Enim nostrum quasi dicta architecto voluptatem iure quo.');
INSERT INTO `meal` (`ml_id`, `recipe_rp_id`, `ml_name`, `ml_description`) VALUES (6, 6, 'quod', 'Facere et dolore incidunt numquam fugiat eum. Voluptatem quia perferendis facilis harum laboriosam distinctio. Quam doloremque non beatae. Numquam et nam quas non. Sequi quia mollitia dolorum et.');
INSERT INTO `meal` (`ml_id`, `recipe_rp_id`, `ml_name`, `ml_description`) VALUES (7, 7, 'inventore', 'Quaerat qui quia dolorem modi. Nulla qui cumque provident maiores magnam architecto dolores. Sunt occaecati sed deserunt aut. Commodi error deleniti asperiores culpa. Quia debitis ipsam ut sit animi.');
INSERT INTO `meal` (`ml_id`, `recipe_rp_id`, `ml_name`, `ml_description`) VALUES (8, 8, 'nemo', 'Minima sint necessitatibus ea tempore harum. Est veniam similique rerum quasi est. Vitae maxime incidunt minima ullam dolore voluptatum.');
INSERT INTO `meal` (`ml_id`, `recipe_rp_id`, `ml_name`, `ml_description`) VALUES (9, 9, 'ipsa', 'Voluptates eius eos sint mollitia corrupti suscipit. Voluptatibus quisquam aut possimus. Sed dolores ratione laborum eum.');
INSERT INTO `meal` (`ml_id`, `recipe_rp_id`, `ml_name`, `ml_description`) VALUES (10, 10, 'et', 'Assumenda qui pariatur et et quis. Deleniti voluptatibus explicabo et iste voluptatem. Quidem qui voluptatibus praesentium sit exercitationem autem. In ut qui et reprehenderit sed non autem. Qui amet ea asperiores vero ullam.');
INSERT INTO `meal` (`ml_id`, `recipe_rp_id`, `ml_name`, `ml_description`) VALUES (11, 11, 'nobis', 'Quidem optio quibusdam aut mollitia inventore quos ut. Nulla blanditiis perferendis vitae. Ad qui est sit ut tempore iure distinctio.');
INSERT INTO `meal` (`ml_id`, `recipe_rp_id`, `ml_name`, `ml_description`) VALUES (12, 12, 'aut', 'Omnis sapiente quia neque similique. Vel soluta earum officia quaerat aperiam. Voluptatem dignissimos a aperiam nihil ipsam architecto nostrum.');
INSERT INTO `meal` (`ml_id`, `recipe_rp_id`, `ml_name`, `ml_description`) VALUES (13, 13, 'rerum', 'Perferendis beatae et quia dolore ut ea voluptates. Accusantium iste et sed nam autem provident totam sed. Eum dolores id sapiente excepturi possimus atque nam. Eaque mollitia nostrum autem nisi vero occaecati sunt omnis. Voluptatem qui amet nesciunt ulla');
INSERT INTO `meal` (`ml_id`, `recipe_rp_id`, `ml_name`, `ml_description`) VALUES (14, 14, 'fugiat', 'Cum explicabo est ut enim. Aut modi ut hic eos. Architecto deleniti non laborum mollitia beatae.');
INSERT INTO `meal` (`ml_id`, `recipe_rp_id`, `ml_name`, `ml_description`) VALUES (15, 15, 'eligendi', 'Voluptatem qui consequatur aspernatur eligendi. Totam ipsum earum aspernatur. Animi rerum asperiores sequi ut et doloremque.');
INSERT INTO `meal` (`ml_id`, `recipe_rp_id`, `ml_name`, `ml_description`) VALUES (16, 16, 'et', 'Quia sunt vero corporis sunt totam. Perferendis sunt et tempore qui possimus quaerat. Possimus modi sit rem nulla dolor sit. Dolorem occaecati voluptatem et animi impedit.');
INSERT INTO `meal` (`ml_id`, `recipe_rp_id`, `ml_name`, `ml_description`) VALUES (17, 17, 'consequatur', 'Repellendus sed omnis rem. Iure recusandae maiores cum tempora eveniet excepturi possimus. Sed laborum ad debitis porro. Sit optio est eum deleniti non amet.');
INSERT INTO `meal` (`ml_id`, `recipe_rp_id`, `ml_name`, `ml_description`) VALUES (18, 18, 'sit', 'Dolor quia corrupti fugiat iste praesentium. Itaque totam voluptatibus quis recusandae ut saepe et. Dolorem sequi sint quae nam repellendus. Perferendis repudiandae non repellat et et occaecati. Vel vitae culpa et et quibusdam nulla.');
INSERT INTO `meal` (`ml_id`, `recipe_rp_id`, `ml_name`, `ml_description`) VALUES (19, 19, 'molestias', 'Porro aut laudantium quibusdam cum est dolorem distinctio. Consequatur est qui provident. Iste vel incidunt voluptas fuga rerum.');
INSERT INTO `meal` (`ml_id`, `recipe_rp_id`, `ml_name`, `ml_description`) VALUES (20, 20, 'soluta', 'Voluptas illum dolores ab earum autem aut. Adipisci et dolorem nisi omnis eius architecto expedita quidem.');
INSERT INTO `meal` (`ml_id`, `recipe_rp_id`, `ml_name`, `ml_description`) VALUES (21, 21, 'consequatur', 'Praesentium illo sed aut iure. Deserunt quos quo omnis quia illo rerum sit et. In magnam aut sed qui qui nam consequatur veritatis. Necessitatibus minus nam unde nobis.');
INSERT INTO `meal` (`ml_id`, `recipe_rp_id`, `ml_name`, `ml_description`) VALUES (22, 22, 'debitis', 'Praesentium qui optio saepe. Ea rem officia voluptate quis eius sit ullam. Saepe omnis fugit nostrum tenetur dolor sit est et. Vero natus voluptates aut blanditiis.');
INSERT INTO `meal` (`ml_id`, `recipe_rp_id`, `ml_name`, `ml_description`) VALUES (23, 23, 'eos', 'Fugiat tempore autem id nihil quo quia non. Ut voluptatem veritatis sit eaque voluptatem nihil illo ea. Voluptatibus qui quis accusamus et illum sint quisquam in.');
INSERT INTO `meal` (`ml_id`, `recipe_rp_id`, `ml_name`, `ml_description`) VALUES (24, 24, 'sit', 'Et tempore mollitia vel itaque et. Aliquid eos nemo quis qui dolore. Recusandae nobis at cumque illo fugiat quaerat deserunt.');
INSERT INTO `meal` (`ml_id`, `recipe_rp_id`, `ml_name`, `ml_description`) VALUES (25, 25, 'ut', 'Voluptatem laboriosam vel consequuntur sint voluptas vel eos. Aut repellendus qui amet. Doloribus et optio dolor fugit possimus optio.');
INSERT INTO `meal` (`ml_id`, `recipe_rp_id`, `ml_name`, `ml_description`) VALUES (26, 26, 'ea', 'Quidem et ullam numquam voluptate ea eos qui. Asperiores eos consectetur sunt eum pariatur. Soluta modi accusamus consequuntur inventore est.');
INSERT INTO `meal` (`ml_id`, `recipe_rp_id`, `ml_name`, `ml_description`) VALUES (27, 27, 'alias', 'Debitis debitis iste repellat voluptas voluptatum cupiditate. Iusto deleniti sed praesentium ut itaque. Sequi illo dolorum aperiam. Quo provident magni nobis eum aspernatur cum.');
INSERT INTO `meal` (`ml_id`, `recipe_rp_id`, `ml_name`, `ml_description`) VALUES (28, 28, 'qui', 'Velit dicta quia est eligendi. Eos animi officia quod facere et. Velit quam sed ea velit non sunt.');
INSERT INTO `meal` (`ml_id`, `recipe_rp_id`, `ml_name`, `ml_description`) VALUES (29, 29, 'maxime', 'Et optio iste distinctio voluptas mollitia. Ut atque exercitationem expedita quam ipsam minima iusto. Ullam aut quibusdam error molestiae.');
INSERT INTO `meal` (`ml_id`, `recipe_rp_id`, `ml_name`, `ml_description`) VALUES (30, 30, 'maiores', 'Quia ad qui et id ratione. Eum repudiandae dolore est. Vero cum voluptatem voluptatem tempora ut eos delectus quasi. Ad doloremque id nisi vero ipsa nobis consequatur.');
INSERT INTO `meal` (`ml_id`, `recipe_rp_id`, `ml_name`, `ml_description`) VALUES (31, 31, 'et', 'Aut molestiae fugiat reprehenderit et libero eos quisquam. Debitis similique qui non blanditiis libero et. Ea non et laborum. Possimus fuga dolores praesentium ipsum ducimus unde eos.');
INSERT INTO `meal` (`ml_id`, `recipe_rp_id`, `ml_name`, `ml_description`) VALUES (32, 32, 'tempora', 'At similique dolorem ut deleniti cumque at incidunt voluptatum. Magnam doloremque iste et natus possimus. Rem minus et aperiam dicta.');
INSERT INTO `meal` (`ml_id`, `recipe_rp_id`, `ml_name`, `ml_description`) VALUES (33, 33, 'omnis', 'Maxime magni error accusantium enim. Eum alias harum modi quod harum natus necessitatibus aspernatur. Beatae ut dolore et veritatis voluptatum. Repellendus quisquam quasi cum reiciendis.');
INSERT INTO `meal` (`ml_id`, `recipe_rp_id`, `ml_name`, `ml_description`) VALUES (34, 34, 'exercitationem', 'Rerum voluptas rerum commodi facilis. Aliquam debitis est maxime soluta.');
INSERT INTO `meal` (`ml_id`, `recipe_rp_id`, `ml_name`, `ml_description`) VALUES (35, 35, 'rem', 'Quia dolores non consectetur et est. Rem repellendus nostrum enim deleniti id delectus. Est culpa et qui aut animi neque.');
INSERT INTO `meal` (`ml_id`, `recipe_rp_id`, `ml_name`, `ml_description`) VALUES (36, 36, 'aperiam', 'Qui veritatis pariatur quis corporis blanditiis non. Nesciunt omnis vel facilis qui sint alias inventore. Velit sequi modi vero nobis quam non iure minus. Rerum aut soluta blanditiis eaque.');
INSERT INTO `meal` (`ml_id`, `recipe_rp_id`, `ml_name`, `ml_description`) VALUES (37, 37, 'ea', 'Eligendi corrupti fugiat natus et dolores aut. Earum ut dolores et consequatur. Magni nihil blanditiis quos et voluptatem magni nisi. Quo laudantium consequatur ut quis consectetur nisi est omnis.');
INSERT INTO `meal` (`ml_id`, `recipe_rp_id`, `ml_name`, `ml_description`) VALUES (38, 38, 'iusto', 'Et voluptatibus qui repellendus rerum aut consequatur. Ea commodi quia sed ut et sapiente amet. Molestiae earum eaque qui est provident deleniti mollitia.');
INSERT INTO `meal` (`ml_id`, `recipe_rp_id`, `ml_name`, `ml_description`) VALUES (39, 39, 'ipsam', 'Nobis earum assumenda esse id dicta consequatur enim ut. Assumenda veniam voluptas voluptatem omnis veniam. Quibusdam numquam facere minus cumque et similique consequatur voluptatem.');
INSERT INTO `meal` (`ml_id`, `recipe_rp_id`, `ml_name`, `ml_description`) VALUES (40, 40, 'explicabo', 'Id itaque ut non vero atque. Facere magnam iusto est ipsa.');
INSERT INTO `meal` (`ml_id`, `recipe_rp_id`, `ml_name`, `ml_description`) VALUES (41, 41, 'impedit', 'Sint vel et impedit sint. Cum velit maxime ut qui illo amet. Adipisci ipsa ea reiciendis iusto natus laborum velit.');
INSERT INTO `meal` (`ml_id`, `recipe_rp_id`, `ml_name`, `ml_description`) VALUES (42, 42, 'veniam', 'Tempore veritatis distinctio sint cum atque ullam. Adipisci necessitatibus ut voluptate cumque qui ex et. Quaerat dolores cumque laborum eaque rem. Dicta maxime consequuntur a ex quam aut autem eum.');
INSERT INTO `meal` (`ml_id`, `recipe_rp_id`, `ml_name`, `ml_description`) VALUES (43, 43, 'consequuntur', 'Qui amet error fugiat tempora id omnis velit. Sequi libero dignissimos asperiores voluptatem. Amet quidem sunt voluptas esse necessitatibus sed error consequatur.');
INSERT INTO `meal` (`ml_id`, `recipe_rp_id`, `ml_name`, `ml_description`) VALUES (44, 44, 'quia', 'Neque rerum consequatur consequuntur ad consequuntur. Voluptatibus et dolores velit placeat numquam sapiente. Quidem ea tempore placeat vel nesciunt praesentium omnis. Harum necessitatibus iure nostrum cupiditate ut tenetur.');
INSERT INTO `meal` (`ml_id`, `recipe_rp_id`, `ml_name`, `ml_description`) VALUES (45, 45, 'sed', 'Velit voluptatem incidunt dolores maiores. Aut atque corporis qui cumque provident numquam aspernatur ab. Velit possimus qui quidem sequi vel voluptas.');
INSERT INTO `meal` (`ml_id`, `recipe_rp_id`, `ml_name`, `ml_description`) VALUES (46, 46, 'nam', 'Est alias repellendus debitis consequuntur qui. Beatae minima quae tempora est voluptas et corrupti. Qui eos repudiandae cum reiciendis tempore omnis.');
INSERT INTO `meal` (`ml_id`, `recipe_rp_id`, `ml_name`, `ml_description`) VALUES (47, 47, 'facere', 'Vel quidem vel illo aut. Nobis voluptas officia voluptatem dolorem. Labore et tempore sequi quaerat totam ex harum. Dolor enim similique et ea porro amet earum.');
INSERT INTO `meal` (`ml_id`, `recipe_rp_id`, `ml_name`, `ml_description`) VALUES (48, 48, 'rem', 'Soluta tempore earum esse. Soluta itaque quibusdam quia voluptatem incidunt. Et delectus blanditiis tenetur iste molestiae rerum nulla vel. Sunt maiores qui enim distinctio excepturi vitae.');
INSERT INTO `meal` (`ml_id`, `recipe_rp_id`, `ml_name`, `ml_description`) VALUES (49, 49, 'quidem', 'Non nisi harum doloribus ipsum. Perferendis sit et aut tenetur. Facere rerum nihil quod. Eum id iure voluptatem impedit.');
INSERT INTO `meal` (`ml_id`, `recipe_rp_id`, `ml_name`, `ml_description`) VALUES (50, 50, 'ducimus', 'Vel aut sit officia fugit quia quasi. Ratione accusamus aliquam debitis aliquid deleniti placeat corrupti fuga.');
INSERT INTO `meal` (`ml_id`, `recipe_rp_id`, `ml_name`, `ml_description`) VALUES (51, 51, 'repudiandae', 'Ipsa porro dolorem aliquid aliquam aut ipsam aut. Quisquam est at repellendus velit. Provident autem nulla quidem sed. Ut eum vitae alias laudantium distinctio autem.');
INSERT INTO `meal` (`ml_id`, `recipe_rp_id`, `ml_name`, `ml_description`) VALUES (52, 52, 'quo', 'Porro expedita sit voluptas voluptas eaque odit fugit. Veniam qui ipsam debitis non animi non omnis voluptas. Odio libero officiis dignissimos sit rerum qui.');
INSERT INTO `meal` (`ml_id`, `recipe_rp_id`, `ml_name`, `ml_description`) VALUES (53, 53, 'incidunt', 'Aspernatur atque earum eos ipsum saepe autem et. Debitis corporis esse omnis ut deleniti consectetur. Molestiae voluptatem quo et accusamus vel.');
INSERT INTO `meal` (`ml_id`, `recipe_rp_id`, `ml_name`, `ml_description`) VALUES (54, 54, 'earum', 'Est qui omnis nihil rem et explicabo unde. Culpa explicabo corrupti voluptates sequi saepe. Molestias totam praesentium qui eaque laborum perferendis corrupti. Nostrum dolores et animi debitis id deserunt.');
INSERT INTO `meal` (`ml_id`, `recipe_rp_id`, `ml_name`, `ml_description`) VALUES (55, 55, 'iusto', 'Cumque et sed eveniet. Quas delectus nulla magnam dolores. Nihil delectus culpa qui qui sunt provident omnis. Laudantium dolorem itaque ad quaerat laboriosam.');
INSERT INTO `meal` (`ml_id`, `recipe_rp_id`, `ml_name`, `ml_description`) VALUES (56, 56, 'delectus', 'Iusto repellendus quisquam qui eius sint et. Labore temporibus dolor sint hic. Reprehenderit quasi qui eligendi asperiores et saepe.');
INSERT INTO `meal` (`ml_id`, `recipe_rp_id`, `ml_name`, `ml_description`) VALUES (57, 57, 'est', 'At veniam reprehenderit eius id fugit quasi enim repellat. Itaque laudantium sapiente nihil atque iusto. Qui asperiores doloribus saepe qui aut.');
INSERT INTO `meal` (`ml_id`, `recipe_rp_id`, `ml_name`, `ml_description`) VALUES (58, 58, 'similique', 'Harum quidem voluptatum accusantium. Rerum atque quia hic voluptatem rerum. Qui eum voluptates eos veritatis fugit optio consequatur consequatur.');
INSERT INTO `meal` (`ml_id`, `recipe_rp_id`, `ml_name`, `ml_description`) VALUES (59, 59, 'neque', 'Enim fugiat qui nemo laudantium dicta pariatur ad. Est ea similique itaque adipisci voluptatibus. Qui eius accusantium et dolores libero.');
INSERT INTO `meal` (`ml_id`, `recipe_rp_id`, `ml_name`, `ml_description`) VALUES (60, 60, 'tempore', 'Officiis explicabo rerum alias vitae. Temporibus autem culpa commodi. Asperiores eum eum velit ut eos.');
INSERT INTO `meal` (`ml_id`, `recipe_rp_id`, `ml_name`, `ml_description`) VALUES (61, 61, 'dicta', 'Debitis saepe repellendus reprehenderit sed sint. Magnam animi nobis optio deserunt laudantium. Et earum dolor laborum ad eos voluptatem autem.');
INSERT INTO `meal` (`ml_id`, `recipe_rp_id`, `ml_name`, `ml_description`) VALUES (62, 62, 'consectetur', 'Distinctio quaerat quisquam vitae. Quis sequi in aut accusamus dolorum.');
INSERT INTO `meal` (`ml_id`, `recipe_rp_id`, `ml_name`, `ml_description`) VALUES (63, 63, 'a', 'Qui eius explicabo sequi fugiat et. Suscipit consequatur temporibus eius doloribus corporis. Sit molestiae vel sit.');
INSERT INTO `meal` (`ml_id`, `recipe_rp_id`, `ml_name`, `ml_description`) VALUES (64, 64, 'sit', 'In dolor molestiae dolor rem esse aut autem. At dolores nihil et ratione nam a. Et consequuntur nesciunt magnam atque.');
INSERT INTO `meal` (`ml_id`, `recipe_rp_id`, `ml_name`, `ml_description`) VALUES (65, 65, 'doloribus', 'Ipsum quas autem aliquam eveniet. Facilis et occaecati est est commodi assumenda quis nesciunt. Qui dignissimos qui voluptatem dolorum minima sequi. Sit cupiditate explicabo neque ut.');
INSERT INTO `meal` (`ml_id`, `recipe_rp_id`, `ml_name`, `ml_description`) VALUES (66, 66, 'expedita', 'Officiis et veniam corrupti et ullam ex non iste. Dolor aperiam aut aut perspiciatis illum. Qui corporis iure ratione natus ut.');
INSERT INTO `meal` (`ml_id`, `recipe_rp_id`, `ml_name`, `ml_description`) VALUES (67, 67, 'enim', 'Nostrum repellat enim voluptatibus et vel. Dolorem vel dignissimos et non repellendus et. Explicabo minima voluptatibus ut amet deleniti tempora perspiciatis vero. Maiores excepturi vero doloremque nihil dicta perspiciatis.');
INSERT INTO `meal` (`ml_id`, `recipe_rp_id`, `ml_name`, `ml_description`) VALUES (68, 68, 'qui', 'Accusantium aut enim laboriosam est labore ratione earum. Molestiae at natus maiores et provident. Libero excepturi voluptatem non quisquam sed id voluptatem.');
INSERT INTO `meal` (`ml_id`, `recipe_rp_id`, `ml_name`, `ml_description`) VALUES (69, 69, 'provident', 'Autem quibusdam et et tenetur aliquam sed illum non. Mollitia odit corporis quis rerum placeat qui.');
INSERT INTO `meal` (`ml_id`, `recipe_rp_id`, `ml_name`, `ml_description`) VALUES (70, 70, 'delectus', 'Tenetur ab et consequatur. Quasi quia deserunt consequatur ullam omnis quas. Ut odit omnis aut ratione molestiae enim et. Rerum consequatur incidunt exercitationem voluptatem et.');
INSERT INTO `meal` (`ml_id`, `recipe_rp_id`, `ml_name`, `ml_description`) VALUES (71, 71, 'esse', 'Voluptatum architecto magnam quaerat non. Blanditiis expedita quae cupiditate non molestias. Ut vel voluptatem autem iure rerum id vel quibusdam. Dolorum aut reiciendis omnis quibusdam et.');
INSERT INTO `meal` (`ml_id`, `recipe_rp_id`, `ml_name`, `ml_description`) VALUES (72, 72, 'totam', 'Nisi qui repudiandae aut fugiat. Ipsa eos ducimus totam. Commodi in tenetur enim perferendis aut assumenda.');
INSERT INTO `meal` (`ml_id`, `recipe_rp_id`, `ml_name`, `ml_description`) VALUES (73, 73, 'molestiae', 'Dolores et repellendus qui dolor. Fugit ex nihil ipsa aspernatur eligendi officia sunt impedit. Fugit iusto repellat facilis accusamus aliquid dolorem.');
INSERT INTO `meal` (`ml_id`, `recipe_rp_id`, `ml_name`, `ml_description`) VALUES (74, 74, 'vel', 'Fugiat iure rem dolore quia iusto. Et quidem tempore quis aliquid dolore dolorem quos. Odit atque unde facere velit adipisci incidunt vel et.');
INSERT INTO `meal` (`ml_id`, `recipe_rp_id`, `ml_name`, `ml_description`) VALUES (75, 75, 'optio', 'Est pariatur sint et assumenda illo consequuntur nulla. Aut rerum fuga hic quae itaque cumque fugit. Rerum voluptatum qui quasi hic ut optio in facilis. Accusantium reprehenderit possimus placeat nesciunt.');
INSERT INTO `meal` (`ml_id`, `recipe_rp_id`, `ml_name`, `ml_description`) VALUES (76, 76, 'officiis', 'Est velit qui aut ea iste tempore excepturi. Voluptatem quos quia vero molestiae. Voluptates quibusdam quos ea inventore ipsa pariatur impedit.');
INSERT INTO `meal` (`ml_id`, `recipe_rp_id`, `ml_name`, `ml_description`) VALUES (77, 77, 'deleniti', 'Voluptas aut sint eum maiores eos blanditiis quae qui. Nihil optio sint nam repudiandae occaecati commodi rerum. Nemo ducimus ducimus maiores eos quisquam repudiandae. Qui hic corrupti corrupti non praesentium accusamus.');
INSERT INTO `meal` (`ml_id`, `recipe_rp_id`, `ml_name`, `ml_description`) VALUES (78, 78, 'soluta', 'Voluptatem qui adipisci eum. Ut ut quaerat quia id dolore. Modi ipsum placeat nesciunt dicta.');
INSERT INTO `meal` (`ml_id`, `recipe_rp_id`, `ml_name`, `ml_description`) VALUES (79, 79, 'sed', 'Eligendi est quas suscipit laudantium quia est velit. Odio nam vel facere consequuntur aut officiis. Mollitia natus est nisi.');
INSERT INTO `meal` (`ml_id`, `recipe_rp_id`, `ml_name`, `ml_description`) VALUES (80, 80, 'enim', 'Iste nihil esse in et est repellendus. Numquam non velit fugit rerum. Non eos ipsa possimus atque et.');
INSERT INTO `meal` (`ml_id`, `recipe_rp_id`, `ml_name`, `ml_description`) VALUES (81, 81, 'omnis', 'Suscipit doloremque eos ea quo. Dolorem ipsa molestiae sunt qui consequatur sint. Suscipit assumenda dolores sit dolore ea.');
INSERT INTO `meal` (`ml_id`, `recipe_rp_id`, `ml_name`, `ml_description`) VALUES (82, 82, 'eum', 'Dolores totam voluptates incidunt qui a. Nam ea id eius vero consequatur laborum perspiciatis. Laborum error nihil harum ex. Assumenda in cum veritatis officiis sunt voluptates eveniet.');
INSERT INTO `meal` (`ml_id`, `recipe_rp_id`, `ml_name`, `ml_description`) VALUES (83, 83, 'quos', 'Laboriosam aut voluptatibus qui. Cupiditate eum omnis qui quam harum. Et temporibus sint reprehenderit ab. Repellat similique assumenda laborum tenetur repellendus.');
INSERT INTO `meal` (`ml_id`, `recipe_rp_id`, `ml_name`, `ml_description`) VALUES (84, 84, 'architecto', 'Ad similique qui similique aut. Deleniti commodi vel similique aliquam eveniet. Ratione rem ullam repellendus explicabo culpa. Reprehenderit corporis ut molestiae accusantium.');
INSERT INTO `meal` (`ml_id`, `recipe_rp_id`, `ml_name`, `ml_description`) VALUES (85, 85, 'labore', 'Eos nemo eum velit quasi. Voluptate accusantium ipsa voluptas eum facere. Fugiat voluptatem aliquam rerum unde ipsa.');
INSERT INTO `meal` (`ml_id`, `recipe_rp_id`, `ml_name`, `ml_description`) VALUES (86, 86, 'ut', 'Aut eos omnis sit quidem reiciendis repudiandae aliquam suscipit. Voluptates soluta deleniti repudiandae quia ipsum. Quisquam quo omnis eius quidem dolores incidunt.');
INSERT INTO `meal` (`ml_id`, `recipe_rp_id`, `ml_name`, `ml_description`) VALUES (87, 87, 'reprehenderit', 'Blanditiis dignissimos sunt voluptates. Et neque dolor quia magnam. Laborum quaerat libero neque sit voluptatum repellendus. Dolores vel labore molestiae est et perspiciatis. Molestiae dolores voluptatem perspiciatis porro.');
INSERT INTO `meal` (`ml_id`, `recipe_rp_id`, `ml_name`, `ml_description`) VALUES (88, 88, 'ut', 'Fuga quia ad quia. Voluptas quas sunt animi dignissimos a sed. Enim et dicta consequatur nihil numquam sit. Cupiditate commodi ducimus dolor velit est porro.');
INSERT INTO `meal` (`ml_id`, `recipe_rp_id`, `ml_name`, `ml_description`) VALUES (89, 89, 'sit', 'Quam quo dolores ipsum voluptas. Sit quia minus natus et autem sit qui. Qui est velit repudiandae in ut quia omnis. Eum reprehenderit omnis in qui consectetur ipsa est autem.');
INSERT INTO `meal` (`ml_id`, `recipe_rp_id`, `ml_name`, `ml_description`) VALUES (90, 90, 'ex', 'Qui odio harum ipsa blanditiis optio id at. Illo voluptate harum reiciendis dolor praesentium. Quasi ipsam tempora et sit quo repellat. Ut unde et voluptas quia vel cupiditate. Temporibus adipisci voluptatibus itaque omnis odit deserunt id quam.');
INSERT INTO `meal` (`ml_id`, `recipe_rp_id`, `ml_name`, `ml_description`) VALUES (91, 91, 'possimus', 'Nemo accusantium velit nostrum voluptas est. Quae autem veritatis est libero nesciunt qui. Ut in amet dolorem. Sit eveniet est dolorem incidunt.');
INSERT INTO `meal` (`ml_id`, `recipe_rp_id`, `ml_name`, `ml_description`) VALUES (92, 92, 'deleniti', 'Culpa et perspiciatis eos quo iusto. Qui amet et rerum voluptatem aut soluta voluptatem. Et cumque ipsum distinctio. A omnis perspiciatis vel sint.');
INSERT INTO `meal` (`ml_id`, `recipe_rp_id`, `ml_name`, `ml_description`) VALUES (93, 93, 'quisquam', 'Ipsa numquam ea optio sed. Ab repellat tempora dolorum temporibus consectetur. Beatae natus nulla quo aut optio natus consequatur.');
INSERT INTO `meal` (`ml_id`, `recipe_rp_id`, `ml_name`, `ml_description`) VALUES (94, 94, 'pariatur', 'Consequuntur qui vitae est dolorum quae hic eos. Quidem accusantium corporis libero quia placeat voluptas. Sint asperiores est in.');
INSERT INTO `meal` (`ml_id`, `recipe_rp_id`, `ml_name`, `ml_description`) VALUES (95, 95, 'rerum', 'Libero sunt debitis ut eligendi dolor reiciendis maiores. Ut esse vitae molestiae nisi reprehenderit eos numquam. Earum dolor quia qui sequi.');
INSERT INTO `meal` (`ml_id`, `recipe_rp_id`, `ml_name`, `ml_description`) VALUES (96, 96, 'sapiente', 'Voluptatem non odio ut expedita aut esse. Molestiae eaque explicabo consequatur necessitatibus est aut. Pariatur qui inventore vel deserunt modi.');
INSERT INTO `meal` (`ml_id`, `recipe_rp_id`, `ml_name`, `ml_description`) VALUES (97, 97, 'harum', 'Aut voluptas molestiae est nobis tempore consequatur. Et ab quaerat occaecati id perspiciatis animi enim. Eius nemo non debitis.');
INSERT INTO `meal` (`ml_id`, `recipe_rp_id`, `ml_name`, `ml_description`) VALUES (98, 98, 'necessitatibus', 'Modi ipsam distinctio assumenda. Consequatur temporibus molestias sint consequatur beatae. Sunt repellat voluptatem distinctio dicta.');
INSERT INTO `meal` (`ml_id`, `recipe_rp_id`, `ml_name`, `ml_description`) VALUES (99, 99, 'qui', 'Ullam quos voluptatem eligendi enim porro. Aut dolores atque sit voluptas. Itaque quidem magni aut ea ut et quo molestiae. Dolorem quae enim quisquam sunt nobis nihil aspernatur aut.');
INSERT INTO `meal` (`ml_id`, `recipe_rp_id`, `ml_name`, `ml_description`) VALUES (100, 100, 'rerum', 'Sint id qui quia quidem voluptatem optio. Iste exercitationem qui cum aut quas molestiae. Saepe aliquam asperiores voluptatibus sapiente et voluptatem ut perferendis. Molestias neque facilis dolorem et perspiciatis.');


#
# TABLE STRUCTURE FOR: food
#


INSERT INTO `food` (`fd_id`, `meal_ml_id`, `shop_list_lst_id`, `fd_amount`, `fd_manufacture_date`, `fd_expiration_date`, `fd_cost`) VALUES (1, 1, 1, 50, '1987-05-23', '2019-05-04', '8.91');
INSERT INTO `food` (`fd_id`, `meal_ml_id`, `shop_list_lst_id`, `fd_amount`, `fd_manufacture_date`, `fd_expiration_date`, `fd_cost`) VALUES (2, 2, 2, 68, '1983-07-20', '2017-11-19', '5.06');
INSERT INTO `food` (`fd_id`, `meal_ml_id`, `shop_list_lst_id`, `fd_amount`, `fd_manufacture_date`, `fd_expiration_date`, `fd_cost`) VALUES (3, 3, 3, 38, '1981-03-28', '1986-09-18', '0.00');
INSERT INTO `food` (`fd_id`, `meal_ml_id`, `shop_list_lst_id`, `fd_amount`, `fd_manufacture_date`, `fd_expiration_date`, `fd_cost`) VALUES (4, 4, 4, 16, '1983-07-06', '1980-08-29', '6.00');
INSERT INTO `food` (`fd_id`, `meal_ml_id`, `shop_list_lst_id`, `fd_amount`, `fd_manufacture_date`, `fd_expiration_date`, `fd_cost`) VALUES (5, 5, 5, 0, '2019-12-30', '2002-01-03', '8.57');
INSERT INTO `food` (`fd_id`, `meal_ml_id`, `shop_list_lst_id`, `fd_amount`, `fd_manufacture_date`, `fd_expiration_date`, `fd_cost`) VALUES (6, 6, 6, 20, '1997-07-17', '1994-07-09', '10.00');
INSERT INTO `food` (`fd_id`, `meal_ml_id`, `shop_list_lst_id`, `fd_amount`, `fd_manufacture_date`, `fd_expiration_date`, `fd_cost`) VALUES (7, 7, 7, 33, '1985-07-28', '2007-04-18', '6.60');
INSERT INTO `food` (`fd_id`, `meal_ml_id`, `shop_list_lst_id`, `fd_amount`, `fd_manufacture_date`, `fd_expiration_date`, `fd_cost`) VALUES (8, 8, 8, 56, '1987-02-04', '1988-04-17', '10.00');
INSERT INTO `food` (`fd_id`, `meal_ml_id`, `shop_list_lst_id`, `fd_amount`, `fd_manufacture_date`, `fd_expiration_date`, `fd_cost`) VALUES (9, 9, 9, 24, '1987-08-31', '1975-01-29', '24.00');
INSERT INTO `food` (`fd_id`, `meal_ml_id`, `shop_list_lst_id`, `fd_amount`, `fd_manufacture_date`, `fd_expiration_date`, `fd_cost`) VALUES (10, 10, 10, 68, '2006-12-26', '1982-12-25', '4.50');
INSERT INTO `food` (`fd_id`, `meal_ml_id`, `shop_list_lst_id`, `fd_amount`, `fd_manufacture_date`, `fd_expiration_date`, `fd_cost`) VALUES (11, 11, 11, 98, '1981-03-16', '2019-11-22', '5.14');
INSERT INTO `food` (`fd_id`, `meal_ml_id`, `shop_list_lst_id`, `fd_amount`, `fd_manufacture_date`, `fd_expiration_date`, `fd_cost`) VALUES (12, 12, 12, 34, '2007-09-24', '1983-05-19', '4.29');
INSERT INTO `food` (`fd_id`, `meal_ml_id`, `shop_list_lst_id`, `fd_amount`, `fd_manufacture_date`, `fd_expiration_date`, `fd_cost`) VALUES (13, 13, 13, 0, '1984-07-11', '1988-05-25', '18.14');
INSERT INTO `food` (`fd_id`, `meal_ml_id`, `shop_list_lst_id`, `fd_amount`, `fd_manufacture_date`, `fd_expiration_date`, `fd_cost`) VALUES (14, 14, 14, 0, '1978-01-16', '2022-07-03', '10.00');
INSERT INTO `food` (`fd_id`, `meal_ml_id`, `shop_list_lst_id`, `fd_amount`, `fd_manufacture_date`, `fd_expiration_date`, `fd_cost`) VALUES (15, 15, 15, 4, '2013-01-05', '2001-01-22', '4.00');
INSERT INTO `food` (`fd_id`, `meal_ml_id`, `shop_list_lst_id`, `fd_amount`, `fd_manufacture_date`, `fd_expiration_date`, `fd_cost`) VALUES (16, 16, 16, 58, '1995-09-07', '1983-04-20', '2.64');
INSERT INTO `food` (`fd_id`, `meal_ml_id`, `shop_list_lst_id`, `fd_amount`, `fd_manufacture_date`, `fd_expiration_date`, `fd_cost`) VALUES (17, 17, 17, 12, '2015-07-22', '1996-02-01', '3.02');
INSERT INTO `food` (`fd_id`, `meal_ml_id`, `shop_list_lst_id`, `fd_amount`, `fd_manufacture_date`, `fd_expiration_date`, `fd_cost`) VALUES (18, 18, 18, 3, '1987-08-07', '2019-10-26', '13.59');
INSERT INTO `food` (`fd_id`, `meal_ml_id`, `shop_list_lst_id`, `fd_amount`, `fd_manufacture_date`, `fd_expiration_date`, `fd_cost`) VALUES (19, 19, 19, 33, '2002-12-19', '2015-09-26', '18.54');
INSERT INTO `food` (`fd_id`, `meal_ml_id`, `shop_list_lst_id`, `fd_amount`, `fd_manufacture_date`, `fd_expiration_date`, `fd_cost`) VALUES (20, 20, 20, 5, '1972-03-06', '2018-05-28', '23.80');
INSERT INTO `food` (`fd_id`, `meal_ml_id`, `shop_list_lst_id`, `fd_amount`, `fd_manufacture_date`, `fd_expiration_date`, `fd_cost`) VALUES (21, 21, 21, 78, '2013-02-18', '2008-08-18', '20.00');
INSERT INTO `food` (`fd_id`, `meal_ml_id`, `shop_list_lst_id`, `fd_amount`, `fd_manufacture_date`, `fd_expiration_date`, `fd_cost`) VALUES (22, 22, 22, 28, '1985-09-21', '2022-09-20', '8.31');
INSERT INTO `food` (`fd_id`, `meal_ml_id`, `shop_list_lst_id`, `fd_amount`, `fd_manufacture_date`, `fd_expiration_date`, `fd_cost`) VALUES (23, 23, 23, 35, '1985-01-20', '2002-12-27', '10.00');
INSERT INTO `food` (`fd_id`, `meal_ml_id`, `shop_list_lst_id`, `fd_amount`, `fd_manufacture_date`, `fd_expiration_date`, `fd_cost`) VALUES (24, 24, 24, 6, '2016-08-20', '2005-01-06', '4.91');
INSERT INTO `food` (`fd_id`, `meal_ml_id`, `shop_list_lst_id`, `fd_amount`, `fd_manufacture_date`, `fd_expiration_date`, `fd_cost`) VALUES (25, 25, 25, 16, '2018-04-01', '1984-09-09', '21.18');
INSERT INTO `food` (`fd_id`, `meal_ml_id`, `shop_list_lst_id`, `fd_amount`, `fd_manufacture_date`, `fd_expiration_date`, `fd_cost`) VALUES (26, 26, 26, 0, '1990-11-14', '2013-12-21', '4.00');
INSERT INTO `food` (`fd_id`, `meal_ml_id`, `shop_list_lst_id`, `fd_amount`, `fd_manufacture_date`, `fd_expiration_date`, `fd_cost`) VALUES (27, 27, 27, 32, '1976-02-27', '2005-06-06', '3.00');
INSERT INTO `food` (`fd_id`, `meal_ml_id`, `shop_list_lst_id`, `fd_amount`, `fd_manufacture_date`, `fd_expiration_date`, `fd_cost`) VALUES (28, 28, 28, 60, '1982-11-12', '2008-08-12', '16.50');
INSERT INTO `food` (`fd_id`, `meal_ml_id`, `shop_list_lst_id`, `fd_amount`, `fd_manufacture_date`, `fd_expiration_date`, `fd_cost`) VALUES (29, 29, 29, 29, '1996-11-14', '1989-05-29', '10.00');
INSERT INTO `food` (`fd_id`, `meal_ml_id`, `shop_list_lst_id`, `fd_amount`, `fd_manufacture_date`, `fd_expiration_date`, `fd_cost`) VALUES (30, 30, 30, 28, '2015-12-14', '2002-08-11', '4.06');
INSERT INTO `food` (`fd_id`, `meal_ml_id`, `shop_list_lst_id`, `fd_amount`, `fd_manufacture_date`, `fd_expiration_date`, `fd_cost`) VALUES (31, 31, 31, 41, '1977-03-11', '2003-07-07', '24.00');
INSERT INTO `food` (`fd_id`, `meal_ml_id`, `shop_list_lst_id`, `fd_amount`, `fd_manufacture_date`, `fd_expiration_date`, `fd_cost`) VALUES (32, 32, 32, 11, '1971-08-18', '1976-01-24', '16.00');
INSERT INTO `food` (`fd_id`, `meal_ml_id`, `shop_list_lst_id`, `fd_amount`, `fd_manufacture_date`, `fd_expiration_date`, `fd_cost`) VALUES (33, 33, 33, 28, '1988-06-22', '1990-04-27', '4.25');
INSERT INTO `food` (`fd_id`, `meal_ml_id`, `shop_list_lst_id`, `fd_amount`, `fd_manufacture_date`, `fd_expiration_date`, `fd_cost`) VALUES (34, 34, 34, 80, '2016-12-20', '1982-10-04', '23.00');
INSERT INTO `food` (`fd_id`, `meal_ml_id`, `shop_list_lst_id`, `fd_amount`, `fd_manufacture_date`, `fd_expiration_date`, `fd_cost`) VALUES (35, 35, 35, 26, '1995-06-23', '1974-11-07', '7.00');
INSERT INTO `food` (`fd_id`, `meal_ml_id`, `shop_list_lst_id`, `fd_amount`, `fd_manufacture_date`, `fd_expiration_date`, `fd_cost`) VALUES (36, 36, 36, 0, '1995-03-18', '1973-04-07', '1.00');
INSERT INTO `food` (`fd_id`, `meal_ml_id`, `shop_list_lst_id`, `fd_amount`, `fd_manufacture_date`, `fd_expiration_date`, `fd_cost`) VALUES (37, 37, 37, 61, '1970-10-29', '1990-07-16', '5.00');
INSERT INTO `food` (`fd_id`, `meal_ml_id`, `shop_list_lst_id`, `fd_amount`, `fd_manufacture_date`, `fd_expiration_date`, `fd_cost`) VALUES (38, 38, 38, 56, '1983-05-09', '1972-06-09', '4.50');
INSERT INTO `food` (`fd_id`, `meal_ml_id`, `shop_list_lst_id`, `fd_amount`, `fd_manufacture_date`, `fd_expiration_date`, `fd_cost`) VALUES (39, 39, 39, 32, '2006-02-08', '1982-12-09', '2.00');
INSERT INTO `food` (`fd_id`, `meal_ml_id`, `shop_list_lst_id`, `fd_amount`, `fd_manufacture_date`, `fd_expiration_date`, `fd_cost`) VALUES (40, 40, 40, 39, '1987-11-01', '2006-11-25', '5.72');
INSERT INTO `food` (`fd_id`, `meal_ml_id`, `shop_list_lst_id`, `fd_amount`, `fd_manufacture_date`, `fd_expiration_date`, `fd_cost`) VALUES (41, 41, 41, 0, '2022-05-03', '2015-03-02', '17.75');
INSERT INTO `food` (`fd_id`, `meal_ml_id`, `shop_list_lst_id`, `fd_amount`, `fd_manufacture_date`, `fd_expiration_date`, `fd_cost`) VALUES (42, 42, 42, 17, '1993-08-07', '2019-06-09', '10.60');
INSERT INTO `food` (`fd_id`, `meal_ml_id`, `shop_list_lst_id`, `fd_amount`, `fd_manufacture_date`, `fd_expiration_date`, `fd_cost`) VALUES (43, 43, 43, 34, '1995-02-07', '1975-11-10', '19.30');
INSERT INTO `food` (`fd_id`, `meal_ml_id`, `shop_list_lst_id`, `fd_amount`, `fd_manufacture_date`, `fd_expiration_date`, `fd_cost`) VALUES (44, 44, 44, 89, '1997-10-01', '1984-07-19', '2.75');
INSERT INTO `food` (`fd_id`, `meal_ml_id`, `shop_list_lst_id`, `fd_amount`, `fd_manufacture_date`, `fd_expiration_date`, `fd_cost`) VALUES (45, 45, 45, 10, '1976-02-10', '2022-10-28', '0.76');
INSERT INTO `food` (`fd_id`, `meal_ml_id`, `shop_list_lst_id`, `fd_amount`, `fd_manufacture_date`, `fd_expiration_date`, `fd_cost`) VALUES (46, 46, 46, 35, '2001-07-17', '2018-02-23', '1.14');
INSERT INTO `food` (`fd_id`, `meal_ml_id`, `shop_list_lst_id`, `fd_amount`, `fd_manufacture_date`, `fd_expiration_date`, `fd_cost`) VALUES (47, 47, 47, 26, '1987-01-06', '2005-04-30', '3.00');
INSERT INTO `food` (`fd_id`, `meal_ml_id`, `shop_list_lst_id`, `fd_amount`, `fd_manufacture_date`, `fd_expiration_date`, `fd_cost`) VALUES (48, 48, 48, 46, '1989-02-21', '2002-01-03', '4.34');
INSERT INTO `food` (`fd_id`, `meal_ml_id`, `shop_list_lst_id`, `fd_amount`, `fd_manufacture_date`, `fd_expiration_date`, `fd_cost`) VALUES (49, 49, 49, 18, '1980-01-11', '2000-08-27', '4.90');
INSERT INTO `food` (`fd_id`, `meal_ml_id`, `shop_list_lst_id`, `fd_amount`, `fd_manufacture_date`, `fd_expiration_date`, `fd_cost`) VALUES (50, 50, 50, 0, '1982-06-26', '1977-04-21', '5.91');
INSERT INTO `food` (`fd_id`, `meal_ml_id`, `shop_list_lst_id`, `fd_amount`, `fd_manufacture_date`, `fd_expiration_date`, `fd_cost`) VALUES (51, 51, 51, 51, '2001-08-05', '1972-04-02', '1.10');
INSERT INTO `food` (`fd_id`, `meal_ml_id`, `shop_list_lst_id`, `fd_amount`, `fd_manufacture_date`, `fd_expiration_date`, `fd_cost`) VALUES (52, 52, 52, 20, '1976-07-30', '1982-07-11', '2.46');
INSERT INTO `food` (`fd_id`, `meal_ml_id`, `shop_list_lst_id`, `fd_amount`, `fd_manufacture_date`, `fd_expiration_date`, `fd_cost`) VALUES (53, 53, 53, 27, '1975-11-29', '2022-11-08', '12.00');
INSERT INTO `food` (`fd_id`, `meal_ml_id`, `shop_list_lst_id`, `fd_amount`, `fd_manufacture_date`, `fd_expiration_date`, `fd_cost`) VALUES (54, 54, 54, 22, '1984-05-02', '2012-09-10', '18.31');
INSERT INTO `food` (`fd_id`, `meal_ml_id`, `shop_list_lst_id`, `fd_amount`, `fd_manufacture_date`, `fd_expiration_date`, `fd_cost`) VALUES (55, 55, 55, 0, '1975-03-04', '2009-06-20', '13.75');
INSERT INTO `food` (`fd_id`, `meal_ml_id`, `shop_list_lst_id`, `fd_amount`, `fd_manufacture_date`, `fd_expiration_date`, `fd_cost`) VALUES (56, 56, 56, 59, '1993-12-03', '2005-12-14', '0.46');
INSERT INTO `food` (`fd_id`, `meal_ml_id`, `shop_list_lst_id`, `fd_amount`, `fd_manufacture_date`, `fd_expiration_date`, `fd_cost`) VALUES (57, 57, 57, 32, '1983-09-09', '2015-05-21', '3.72');
INSERT INTO `food` (`fd_id`, `meal_ml_id`, `shop_list_lst_id`, `fd_amount`, `fd_manufacture_date`, `fd_expiration_date`, `fd_cost`) VALUES (58, 58, 58, 33, '2023-04-24', '1990-05-08', '1.00');
INSERT INTO `food` (`fd_id`, `meal_ml_id`, `shop_list_lst_id`, `fd_amount`, `fd_manufacture_date`, `fd_expiration_date`, `fd_cost`) VALUES (59, 59, 59, 17, '2015-03-15', '2005-05-17', '3.00');
INSERT INTO `food` (`fd_id`, `meal_ml_id`, `shop_list_lst_id`, `fd_amount`, `fd_manufacture_date`, `fd_expiration_date`, `fd_cost`) VALUES (60, 60, 60, 40, '1990-11-05', '2010-07-22', '3.75');
INSERT INTO `food` (`fd_id`, `meal_ml_id`, `shop_list_lst_id`, `fd_amount`, `fd_manufacture_date`, `fd_expiration_date`, `fd_cost`) VALUES (61, 61, 61, 93, '2014-02-20', '1997-08-22', '6.30');
INSERT INTO `food` (`fd_id`, `meal_ml_id`, `shop_list_lst_id`, `fd_amount`, `fd_manufacture_date`, `fd_expiration_date`, `fd_cost`) VALUES (62, 62, 62, 17, '1989-05-04', '1976-03-28', '1.90');
INSERT INTO `food` (`fd_id`, `meal_ml_id`, `shop_list_lst_id`, `fd_amount`, `fd_manufacture_date`, `fd_expiration_date`, `fd_cost`) VALUES (63, 63, 63, 16, '2007-12-16', '2008-03-15', '5.00');
INSERT INTO `food` (`fd_id`, `meal_ml_id`, `shop_list_lst_id`, `fd_amount`, `fd_manufacture_date`, `fd_expiration_date`, `fd_cost`) VALUES (64, 64, 64, 58, '2023-03-19', '2019-11-13', '4.81');
INSERT INTO `food` (`fd_id`, `meal_ml_id`, `shop_list_lst_id`, `fd_amount`, `fd_manufacture_date`, `fd_expiration_date`, `fd_cost`) VALUES (65, 65, 65, 54, '1971-02-25', '1978-10-29', '2.97');
INSERT INTO `food` (`fd_id`, `meal_ml_id`, `shop_list_lst_id`, `fd_amount`, `fd_manufacture_date`, `fd_expiration_date`, `fd_cost`) VALUES (66, 66, 66, 2, '2016-04-04', '1974-09-03', '2.73');
INSERT INTO `food` (`fd_id`, `meal_ml_id`, `shop_list_lst_id`, `fd_amount`, `fd_manufacture_date`, `fd_expiration_date`, `fd_cost`) VALUES (67, 67, 67, 22, '2015-08-10', '1990-02-18', '4.00');
INSERT INTO `food` (`fd_id`, `meal_ml_id`, `shop_list_lst_id`, `fd_amount`, `fd_manufacture_date`, `fd_expiration_date`, `fd_cost`) VALUES (68, 68, 68, 0, '1993-12-11', '2013-10-20', '7.00');
INSERT INTO `food` (`fd_id`, `meal_ml_id`, `shop_list_lst_id`, `fd_amount`, `fd_manufacture_date`, `fd_expiration_date`, `fd_cost`) VALUES (69, 69, 69, 40, '1998-10-25', '1986-05-31', '7.80');
INSERT INTO `food` (`fd_id`, `meal_ml_id`, `shop_list_lst_id`, `fd_amount`, `fd_manufacture_date`, `fd_expiration_date`, `fd_cost`) VALUES (70, 70, 70, 0, '1975-12-19', '2000-11-03', '3.00');
INSERT INTO `food` (`fd_id`, `meal_ml_id`, `shop_list_lst_id`, `fd_amount`, `fd_manufacture_date`, `fd_expiration_date`, `fd_cost`) VALUES (71, 71, 71, 47, '1986-05-01', '2002-01-21', '15.88');
INSERT INTO `food` (`fd_id`, `meal_ml_id`, `shop_list_lst_id`, `fd_amount`, `fd_manufacture_date`, `fd_expiration_date`, `fd_cost`) VALUES (72, 72, 72, 14, '1971-02-14', '2001-08-30', '2.10');
INSERT INTO `food` (`fd_id`, `meal_ml_id`, `shop_list_lst_id`, `fd_amount`, `fd_manufacture_date`, `fd_expiration_date`, `fd_cost`) VALUES (73, 73, 73, 37, '1980-03-13', '1983-11-02', '2.66');
INSERT INTO `food` (`fd_id`, `meal_ml_id`, `shop_list_lst_id`, `fd_amount`, `fd_manufacture_date`, `fd_expiration_date`, `fd_cost`) VALUES (74, 74, 74, 54, '2016-09-30', '2017-02-01', '2.00');
INSERT INTO `food` (`fd_id`, `meal_ml_id`, `shop_list_lst_id`, `fd_amount`, `fd_manufacture_date`, `fd_expiration_date`, `fd_cost`) VALUES (75, 75, 75, 39, '2006-06-11', '1981-04-21', '0.75');
INSERT INTO `food` (`fd_id`, `meal_ml_id`, `shop_list_lst_id`, `fd_amount`, `fd_manufacture_date`, `fd_expiration_date`, `fd_cost`) VALUES (76, 76, 76, 55, '2001-12-13', '2019-07-04', '10.00');
INSERT INTO `food` (`fd_id`, `meal_ml_id`, `shop_list_lst_id`, `fd_amount`, `fd_manufacture_date`, `fd_expiration_date`, `fd_cost`) VALUES (77, 77, 77, 0, '1993-05-05', '2014-06-04', '0.70');
INSERT INTO `food` (`fd_id`, `meal_ml_id`, `shop_list_lst_id`, `fd_amount`, `fd_manufacture_date`, `fd_expiration_date`, `fd_cost`) VALUES (78, 78, 78, 15, '2015-05-30', '1979-06-25', '7.81');
INSERT INTO `food` (`fd_id`, `meal_ml_id`, `shop_list_lst_id`, `fd_amount`, `fd_manufacture_date`, `fd_expiration_date`, `fd_cost`) VALUES (79, 79, 79, 40, '2008-12-06', '1996-05-08', '1.35');
INSERT INTO `food` (`fd_id`, `meal_ml_id`, `shop_list_lst_id`, `fd_amount`, `fd_manufacture_date`, `fd_expiration_date`, `fd_cost`) VALUES (80, 80, 80, 29, '1990-01-23', '1983-06-27', '8.00');
INSERT INTO `food` (`fd_id`, `meal_ml_id`, `shop_list_lst_id`, `fd_amount`, `fd_manufacture_date`, `fd_expiration_date`, `fd_cost`) VALUES (81, 81, 81, 3, '1993-07-19', '2018-11-10', '12.31');
INSERT INTO `food` (`fd_id`, `meal_ml_id`, `shop_list_lst_id`, `fd_amount`, `fd_manufacture_date`, `fd_expiration_date`, `fd_cost`) VALUES (82, 82, 82, 0, '2009-05-26', '1995-05-10', '0.27');
INSERT INTO `food` (`fd_id`, `meal_ml_id`, `shop_list_lst_id`, `fd_amount`, `fd_manufacture_date`, `fd_expiration_date`, `fd_cost`) VALUES (83, 83, 83, 23, '1988-06-21', '1996-06-21', '3.70');
INSERT INTO `food` (`fd_id`, `meal_ml_id`, `shop_list_lst_id`, `fd_amount`, `fd_manufacture_date`, `fd_expiration_date`, `fd_cost`) VALUES (84, 84, 84, 15, '1988-12-29', '1972-02-01', '6.00');
INSERT INTO `food` (`fd_id`, `meal_ml_id`, `shop_list_lst_id`, `fd_amount`, `fd_manufacture_date`, `fd_expiration_date`, `fd_cost`) VALUES (85, 85, 85, 18, '1995-03-04', '1975-12-13', '6.70');
INSERT INTO `food` (`fd_id`, `meal_ml_id`, `shop_list_lst_id`, `fd_amount`, `fd_manufacture_date`, `fd_expiration_date`, `fd_cost`) VALUES (86, 86, 86, 15, '1986-11-02', '2010-03-22', '15.30');
INSERT INTO `food` (`fd_id`, `meal_ml_id`, `shop_list_lst_id`, `fd_amount`, `fd_manufacture_date`, `fd_expiration_date`, `fd_cost`) VALUES (87, 87, 87, 24, '1971-10-12', '2022-07-15', '2.02');
INSERT INTO `food` (`fd_id`, `meal_ml_id`, `shop_list_lst_id`, `fd_amount`, `fd_manufacture_date`, `fd_expiration_date`, `fd_cost`) VALUES (88, 88, 88, 3, '2005-11-28', '1993-09-06', '10.00');
INSERT INTO `food` (`fd_id`, `meal_ml_id`, `shop_list_lst_id`, `fd_amount`, `fd_manufacture_date`, `fd_expiration_date`, `fd_cost`) VALUES (89, 89, 89, 47, '1983-07-04', '1984-02-24', '2.00');
INSERT INTO `food` (`fd_id`, `meal_ml_id`, `shop_list_lst_id`, `fd_amount`, `fd_manufacture_date`, `fd_expiration_date`, `fd_cost`) VALUES (90, 90, 90, 83, '1973-01-11', '2000-08-30', '4.94');
INSERT INTO `food` (`fd_id`, `meal_ml_id`, `shop_list_lst_id`, `fd_amount`, `fd_manufacture_date`, `fd_expiration_date`, `fd_cost`) VALUES (91, 91, 91, 0, '2018-07-24', '2016-12-20', '4.00');
INSERT INTO `food` (`fd_id`, `meal_ml_id`, `shop_list_lst_id`, `fd_amount`, `fd_manufacture_date`, `fd_expiration_date`, `fd_cost`) VALUES (92, 92, 92, 13, '1983-03-11', '2006-06-01', '5.30');
INSERT INTO `food` (`fd_id`, `meal_ml_id`, `shop_list_lst_id`, `fd_amount`, `fd_manufacture_date`, `fd_expiration_date`, `fd_cost`) VALUES (93, 93, 93, 63, '1998-03-10', '1974-04-05', '4.00');
INSERT INTO `food` (`fd_id`, `meal_ml_id`, `shop_list_lst_id`, `fd_amount`, `fd_manufacture_date`, `fd_expiration_date`, `fd_cost`) VALUES (94, 94, 94, 1, '2005-10-26', '1986-01-22', '14.94');
INSERT INTO `food` (`fd_id`, `meal_ml_id`, `shop_list_lst_id`, `fd_amount`, `fd_manufacture_date`, `fd_expiration_date`, `fd_cost`) VALUES (95, 95, 95, 13, '2001-02-23', '1977-06-19', '7.00');
INSERT INTO `food` (`fd_id`, `meal_ml_id`, `shop_list_lst_id`, `fd_amount`, `fd_manufacture_date`, `fd_expiration_date`, `fd_cost`) VALUES (96, 96, 96, 34, '1997-03-08', '1999-09-19', '10.00');
INSERT INTO `food` (`fd_id`, `meal_ml_id`, `shop_list_lst_id`, `fd_amount`, `fd_manufacture_date`, `fd_expiration_date`, `fd_cost`) VALUES (97, 97, 97, 28, '2014-12-08', '2011-09-05', '3.12');
INSERT INTO `food` (`fd_id`, `meal_ml_id`, `shop_list_lst_id`, `fd_amount`, `fd_manufacture_date`, `fd_expiration_date`, `fd_cost`) VALUES (98, 98, 98, 45, '2007-12-12', '2000-09-19', '5.01');
INSERT INTO `food` (`fd_id`, `meal_ml_id`, `shop_list_lst_id`, `fd_amount`, `fd_manufacture_date`, `fd_expiration_date`, `fd_cost`) VALUES (99, 99, 99, 11, '1995-10-16', '2008-08-29', '10.00');
INSERT INTO `food` (`fd_id`, `meal_ml_id`, `shop_list_lst_id`, `fd_amount`, `fd_manufacture_date`, `fd_expiration_date`, `fd_cost`) VALUES (100, 100, 100, 29, '2023-04-06', '2019-05-13', '0.40');









